"date","loss"
2019-10-01 00:00:00,0.0726354347060738
2019-10-01 01:00:00,0.0738263382201723
2019-10-01 02:00:00,-0.0688009639572433
2019-10-01 03:00:00,-0.0629391971436428
2019-10-01 04:00:00,0.00605835666638477
2019-10-01 05:00:00,0.00591566197144466
2019-10-01 06:00:00,0.0570113051609411
2019-10-01 07:00:00,0.0591294726788858
2019-10-01 08:00:00,0.29129659467472
2019-10-01 09:00:00,0.39390187042821
2019-10-01 10:00:00,0.230052862742911
2019-10-01 11:00:00,0.277276867804608
2019-10-01 12:00:00,-0.0653733314979199
2019-10-01 13:00:00,-0.0581889370499047
2019-10-01 14:00:00,-0.00627925242378513
2019-10-01 15:00:00,-0.0119300495313439
2019-10-01 16:00:00,-0.0981871603551747
2019-10-01 17:00:00,-0.0852738937673649
2019-10-01 18:00:00,-0.540588014535286
2019-10-01 19:00:00,-0.336173253457173
2019-10-01 20:00:00,0.0935427860555977
2019-10-01 21:00:00,0.098978899319845
2019-10-01 22:00:00,0.0725526755478683
2019-10-01 23:00:00,0.0704541946438582
2019-10-02 00:00:00,-0.00269905696916517
2019-10-02 01:00:00,-0.00363676147992109
2019-10-02 02:00:00,0.0750692529129191
2019-10-02 03:00:00,0.0726073617879042
2019-10-02 04:00:00,-0.0716351663596999
2019-10-02 05:00:00,-0.0662750947952473
2019-10-02 06:00:00,0.150720144730469
2019-10-02 07:00:00,0.166477795734375
2019-10-02 08:00:00,0.0339459030780089
2019-10-02 09:00:00,0.0352549407449994
2019-10-02 10:00:00,-0.104786931703635
2019-10-02 11:00:00,-0.0911018672609245
2019-10-02 12:00:00,-0.110101140816137
2019-10-02 13:00:00,-0.0948846954138025
2019-10-02 14:00:00,-0.654803367829077
2019-10-02 15:00:00,-0.377866852396525
2019-10-02 16:00:00,-0.196015773715287
2019-10-02 17:00:00,-0.156647170435771
2019-10-02 18:00:00,0.257957554307977
2019-10-02 19:00:00,0.329088409315064
2019-10-02 20:00:00,-0.380419523862556
2019-10-02 21:00:00,-0.265489324829184
2019-10-02 22:00:00,0.0106431442527164
2019-10-02 23:00:00,0.0106297760296084
2019-10-03 00:00:00,0.170398842517166
2019-10-03 01:00:00,0.201849720995353
2019-10-03 02:00:00,0.0728582696279876
2019-10-03 03:00:00,0.0768166619625053
2019-10-03 04:00:00,0.0523886161226077
2019-10-03 05:00:00,0.0548143780306152
2019-10-03 06:00:00,-0.200280449996006
2019-10-03 07:00:00,-0.163687937247055
2019-10-03 08:00:00,0.0459996342367148
2019-10-03 09:00:00,0.0485130282663544
2019-10-03 10:00:00,-0.0232847372689164
2019-10-03 11:00:00,-0.0209137417274761
2019-10-03 12:00:00,0.0261813098433592
2019-10-03 13:00:00,0.027874653105636
2019-10-03 14:00:00,0.116917316867291
2019-10-03 15:00:00,0.128238771519774
2019-10-03 16:00:00,0.0340110811332011
2019-10-03 17:00:00,0.0335226920386429
2019-10-03 18:00:00,-0.126724866846351
2019-10-03 19:00:00,-0.10978760284944
2019-10-03 20:00:00,0.128856901322262
2019-10-03 21:00:00,0.142344589043123
2019-10-03 22:00:00,0.0484882983981869
2019-10-03 23:00:00,0.0495464082238755
2019-10-04 00:00:00,0.0658783228855082
2019-10-04 01:00:00,0.0714099014687726
2019-10-04 02:00:00,0.113834184263222
2019-10-04 03:00:00,0.12843949241606
2019-10-04 04:00:00,0.025032506105358
2019-10-04 05:00:00,0.0259312742254263
2019-10-04 06:00:00,-0.0437156091889843
2019-10-04 07:00:00,-0.0405108650640678
2019-10-04 08:00:00,0.0525486190419162
2019-10-04 09:00:00,0.0549345492252815
2019-10-04 10:00:00,0.0592415346101962
2019-10-04 11:00:00,0.0626170676586693
2019-10-04 12:00:00,0.0661607450446766
2019-10-04 13:00:00,0.0722996032721284
2019-10-04 14:00:00,0.042683764543499
2019-10-04 15:00:00,0.0447948047470792
2019-10-04 16:00:00,-0.126795700805717
2019-10-04 17:00:00,-0.111284170660424
2019-10-04 18:00:00,-0.0716611340670692
2019-10-04 19:00:00,-0.0670142832127087
2019-10-04 20:00:00,-0.113171786797952
2019-10-04 21:00:00,-0.100445140779311
2019-10-04 22:00:00,0.0785596441991601
2019-10-04 23:00:00,0.0832424004487873
2019-10-05 00:00:00,0.150371935104758
2019-10-05 01:00:00,0.170801476509038
2019-10-05 02:00:00,0.0668251089204546
2019-10-05 03:00:00,0.0693086468118018
2019-10-05 04:00:00,-0.0578003688215194
2019-10-05 05:00:00,-0.0533831537507048
2019-10-05 06:00:00,0.00272256933483028
2019-10-05 07:00:00,0.00211436351942673
2019-10-05 08:00:00,0.144575265667623
2019-10-05 09:00:00,0.165600027520661
2019-10-05 10:00:00,0.232306700266063
2019-10-05 11:00:00,0.290378039905741
2019-10-05 12:00:00,-0.121319687658166
2019-10-05 13:00:00,-0.103977427832578
2019-10-05 14:00:00,-0.093326096184688
2019-10-05 15:00:00,-0.0830026596828857
2019-10-05 16:00:00,-0.105326335612357
2019-10-05 17:00:00,-0.091702168803959
2019-10-05 18:00:00,-0.0503706789994407
2019-10-05 19:00:00,-0.0469409203154481
2019-10-05 20:00:00,0.0265544183536335
2019-10-05 21:00:00,0.0275815174290699
2019-10-05 22:00:00,-0.0590621386047481
2019-10-05 23:00:00,-0.0540112261969163
2019-10-06 00:00:00,-0.0409313208359894
2019-10-06 01:00:00,-0.0374242222052157
2019-10-06 02:00:00,-0.031294189089774
2019-10-06 03:00:00,-0.0299256604814904
2019-10-06 04:00:00,0.0293562708896467
2019-10-06 05:00:00,0.0288961110549515
2019-10-06 06:00:00,0.0141142609744218
2019-10-06 07:00:00,0.013390998300979
2019-10-06 08:00:00,0.290310197580572
2019-10-06 09:00:00,0.395690380940115
2019-10-06 10:00:00,-0.134732002052855
2019-10-06 11:00:00,-0.114513207178817
2019-10-06 12:00:00,-0.342062005510805
2019-10-06 13:00:00,-0.245868689307311
2019-10-06 14:00:00,-0.146393352143939
2019-10-06 15:00:00,-0.122552425479604
2019-10-06 16:00:00,-0.140893007163884
2019-10-06 17:00:00,-0.11897393946632
2019-10-06 18:00:00,-0.0907588714351544
2019-10-06 19:00:00,-0.0796540468901483
2019-10-06 20:00:00,0.0113796486615172
2019-10-06 21:00:00,0.0112447400585207
2019-10-06 22:00:00,0.181081245454543
2019-10-06 23:00:00,0.213234787832866
2019-10-07 00:00:00,0.0807042496195738
2019-10-07 01:00:00,0.0865064889171787
2019-10-07 02:00:00,0.0151417449763436
2019-10-07 03:00:00,0.0152943362918396
2019-10-07 04:00:00,0.00750751037243269
2019-10-07 05:00:00,0.00878144531903402
2019-10-07 06:00:00,0.183730094966979
2019-10-07 07:00:00,0.21925993883244
2019-10-07 08:00:00,0.283298606991398
2019-10-07 09:00:00,0.383245002913982
2019-10-07 10:00:00,-0.136101852721353
2019-10-07 11:00:00,-0.11502053674675
2019-10-07 12:00:00,-0.0571295016675073
2019-10-07 13:00:00,-0.0523256698036612
2019-10-07 14:00:00,-0.386841752206585
2019-10-07 15:00:00,-0.270124498786238
2019-10-07 16:00:00,-0.0968241184101526
2019-10-07 17:00:00,-0.0855125202893525
2019-10-07 18:00:00,0.0377838462713349
2019-10-07 19:00:00,0.0380045880229751
2019-10-07 20:00:00,0.043693821867187
2019-10-07 21:00:00,0.0442944729143004
2019-10-07 22:00:00,0.172488147914864
2019-10-07 23:00:00,0.201933237024518
2019-10-08 00:00:00,-0.0226180885877714
2019-10-08 01:00:00,-0.0217793473168051
2019-10-08 02:00:00,0.11606224591462
2019-10-08 03:00:00,0.128147031291507
2019-10-08 04:00:00,-0.012990998214395
2019-10-08 05:00:00,-0.0129272772838185
2019-10-08 06:00:00,0.03482254367057
2019-10-08 07:00:00,0.0353192067422725
2019-10-08 08:00:00,0.0494349259745999
2019-10-08 09:00:00,0.0526817636143218
2019-10-08 10:00:00,0.109599952911275
2019-10-08 11:00:00,0.119673338916147
2019-10-08 12:00:00,-0.0918843160514129
2019-10-08 13:00:00,-0.0791774620749468
2019-10-08 14:00:00,-0.166075241647869
2019-10-08 15:00:00,-0.135219463972804
2019-10-08 16:00:00,0.310047440958195
2019-10-08 17:00:00,0.426019387217369
2019-10-08 18:00:00,-0.0134834792939635
2019-10-08 19:00:00,-0.0135587499557257
2019-10-08 20:00:00,-0.0125534016628155
2019-10-08 21:00:00,-0.013220282117052
2019-10-08 22:00:00,-0.0174036394058774
2019-10-08 23:00:00,-0.016629552605874
2019-10-09 00:00:00,-0.0535630982535871
2019-10-09 01:00:00,-0.0493620218019224
2019-10-09 02:00:00,0.00424861377051933
2019-10-09 03:00:00,0.00212687994137539
2019-10-09 04:00:00,4.10451421526403e-05
2019-10-09 05:00:00,-0.000246450431514944
2019-10-09 06:00:00,0.0494498491741631
2019-10-09 07:00:00,0.0517932685337676
2019-10-09 08:00:00,0.0462381871213449
2019-10-09 09:00:00,0.049170820127296
2019-10-09 10:00:00,-0.0200329809981241
2019-10-09 11:00:00,-0.0159736509721995
2019-10-09 12:00:00,-0.0510573083702841
2019-10-09 13:00:00,-0.0459771288648589
2019-10-09 14:00:00,0.224309871356953
2019-10-09 15:00:00,0.27622360631984
2019-10-09 16:00:00,-0.124795501953951
2019-10-09 17:00:00,-0.107182511504561
2019-10-09 18:00:00,0.081573740461609
2019-10-09 19:00:00,0.0845664176151413
2019-10-09 20:00:00,0.0650916686771179
2019-10-09 21:00:00,0.0680242078984143
2019-10-09 22:00:00,0.0619339086688537
2019-10-09 23:00:00,0.0648688922488301
2019-11-09 00:00:00,0.052515118189671
2019-11-09 01:00:00,0.0536309434629896
2019-11-09 02:00:00,0.0446090291734595
2019-11-09 03:00:00,0.0442877318852117
2019-11-09 04:00:00,0.00131970592523611
2019-11-09 05:00:00,0.00123346167683369
2019-11-09 06:00:00,-0.0210806132965855
2019-11-09 07:00:00,-0.0195892305175231
2019-11-09 08:00:00,0.177245475610258
2019-11-09 09:00:00,0.212864537423865
2019-11-09 10:00:00,0.0733001648794875
2019-11-09 11:00:00,0.0775489539818253
2019-11-09 12:00:00,0.179442771549355
2019-11-09 13:00:00,0.206212363365364
2019-11-09 14:00:00,-0.0722493965790623
2019-11-09 15:00:00,-0.0676956738180294
2019-11-09 16:00:00,-0.10496919630677
2019-11-09 17:00:00,-0.0936588496688531
2019-11-09 18:00:00,-0.135402526696566
2019-11-09 19:00:00,-0.116782969596388
2019-11-09 20:00:00,0.04370717620733
2019-11-09 21:00:00,0.043776432008543
2019-11-09 22:00:00,-0.00192949356693362
2019-11-09 23:00:00,-0.00148919042893425
2019-11-10 00:00:00,0.0604879195310151
2019-11-10 01:00:00,0.0577434059073862
2019-11-10 02:00:00,0.0187312946922011
2019-11-10 03:00:00,0.0164943378512836
2019-11-10 04:00:00,0.0944966137710113
2019-11-10 05:00:00,0.102541859814718
2019-11-10 06:00:00,-0.0439774720603516
2019-11-10 07:00:00,-0.0398077800519241
2019-11-10 08:00:00,0.0442627687018815
2019-11-10 09:00:00,0.0436729115547303
2019-11-10 10:00:00,0.0481862413767207
2019-11-10 11:00:00,0.0538943264753868
2019-11-10 12:00:00,-0.0735954831745458
2019-11-10 13:00:00,-0.0678670086390776
2019-11-10 14:00:00,-0.0339933504701095
2019-11-10 15:00:00,-0.0290458246652747
2019-11-10 16:00:00,0.0328431669307134
2019-11-10 17:00:00,0.0336508095369554
2019-11-10 18:00:00,0.0135094064230135
2019-11-10 19:00:00,0.0137329919832245
2019-11-10 20:00:00,0.00412901459301285
2019-11-10 21:00:00,0.00408166363864293
2019-11-10 22:00:00,-0.00297503043916514
2019-11-10 23:00:00,-0.00573603935617051
2019-11-11 00:00:00,0.0291331502699421
2019-11-11 01:00:00,0.0294979037369361
2019-11-11 02:00:00,-0.0208402337240967
2019-11-11 03:00:00,-0.0212942403092899
2019-11-11 04:00:00,0.13694744366694
2019-11-11 05:00:00,0.159049948498794
2019-11-11 06:00:00,-0.306310063091938
2019-11-11 07:00:00,-0.233979833705217
2019-11-11 08:00:00,-0.0145420739124269
2019-11-11 09:00:00,-0.0147586494828182
2019-11-11 10:00:00,-0.00890523532986442
2019-11-11 11:00:00,-0.00348916566690427
2019-11-11 12:00:00,-0.0148438050818918
2019-11-11 13:00:00,-0.00789888753466528
2019-11-11 14:00:00,0.126487011631681
2019-11-11 15:00:00,0.136324359645775
2019-11-11 16:00:00,0.0971185051479289
2019-11-11 17:00:00,0.106575948267794
2019-11-11 18:00:00,0.0717104959454149
2019-11-11 19:00:00,0.0762736370615791
2019-11-11 20:00:00,0.0155966641866678
2019-11-11 21:00:00,0.0144953306631512
2019-11-11 22:00:00,0.144476107150405
2019-11-11 23:00:00,0.164557354239792
2019-11-12 00:00:00,-0.137799100362853
2019-11-12 01:00:00,-0.12070960355208
2019-11-12 02:00:00,-0.0182048089924693
2019-11-12 03:00:00,-0.0147897334717015
2019-11-12 04:00:00,0.00280594541372903
2019-11-12 05:00:00,0.00202635094554271
2019-11-12 06:00:00,-0.195891812094847
2019-11-12 07:00:00,-0.158264794673818
2019-11-12 08:00:00,0.0869824541934614
2019-11-12 09:00:00,0.0963451353638174
2019-11-12 10:00:00,0.164918325938279
2019-11-12 11:00:00,0.198202704765598
2019-11-12 12:00:00,0.0718953297789264
2019-11-12 13:00:00,0.0822692520669062
2019-11-12 14:00:00,-0.171686778634308
2019-11-12 15:00:00,-0.141765683723367
2019-11-12 16:00:00,0.0467286326098737
2019-11-12 17:00:00,0.047042070273343
2019-11-12 18:00:00,-0.0528808134056975
2019-11-12 19:00:00,-0.0534138497983481
2019-11-12 20:00:00,0.00693900207224551
2019-11-12 21:00:00,0.00748659198458057
2019-11-12 22:00:00,0.0497112492152771
2019-11-12 23:00:00,0.0508307686024692
2019-11-13 00:00:00,0.0192684188658774
2019-11-13 01:00:00,0.0207758040101824
2019-11-13 02:00:00,0.0350008466872245
2019-11-13 03:00:00,0.0370078341545614
2019-11-13 04:00:00,-0.0182590244314849
2019-11-13 05:00:00,-0.0211417233746198
2019-11-13 06:00:00,-0.176081182018344
2019-11-13 07:00:00,-0.14830491805913
2019-11-13 08:00:00,0.0196594167567037
2019-11-13 09:00:00,0.0210339982660646
2019-11-13 10:00:00,0.0304696292923143
2019-11-13 11:00:00,0.0328469773622855
2019-11-13 12:00:00,0.0312236013970182
2019-11-13 13:00:00,0.0343792320982397
2019-11-13 14:00:00,0.0179050221964934
2019-11-13 15:00:00,0.0173464619255101
2019-11-13 16:00:00,-0.0986076311680062
2019-11-13 17:00:00,-0.0907590855701992
2019-11-13 18:00:00,0.00663419025568945
2019-11-13 19:00:00,0.00338418445300093
2019-11-13 20:00:00,-0.0878230580438624
2019-11-13 21:00:00,-0.0812138755589427
2019-11-13 22:00:00,0.0664687658634628
2019-11-13 23:00:00,0.071291989668512
2019-11-14 00:00:00,0.0331522073168991
2019-11-14 01:00:00,0.0321990197436897
2019-11-14 02:00:00,-0.0310562585547078
2019-11-14 03:00:00,-0.0303207953666025
2019-11-14 04:00:00,-0.0580158695547262
2019-11-14 05:00:00,-0.0522669112783181
2019-11-14 06:00:00,0.0499238882831268
2019-11-14 07:00:00,0.0495927530699269
2019-11-14 08:00:00,-0.198092997308216
2019-11-14 09:00:00,-0.157774646228759
2019-11-14 10:00:00,-0.130312994865989
2019-11-14 11:00:00,-0.110851847552293
2019-11-14 12:00:00,-0.064793002020016
2019-11-14 13:00:00,-0.0573516780971381
2019-11-14 14:00:00,0.0909095898578656
2019-11-14 15:00:00,0.0962537541336275
2019-11-14 16:00:00,0.0674276845794797
2019-11-14 17:00:00,0.0694459225980637
2019-11-14 18:00:00,0.0740636901144285
2019-11-14 19:00:00,0.0765540628487518
2019-11-14 20:00:00,0.0469507716182935
2019-11-14 21:00:00,0.0473942567692429
2019-11-14 22:00:00,0.03427878036476
2019-11-14 23:00:00,0.0331519119388872
2019-11-15 00:00:00,-0.0550545404705307
2019-11-15 01:00:00,-0.051972715342437
2019-11-15 02:00:00,0.00809894964185354
2019-11-15 03:00:00,0.00840028213286459
2019-11-15 04:00:00,-0.00131016012335294
2019-11-15 05:00:00,-0.00090677282041618
2019-11-15 06:00:00,-0.0816432272954799
2019-11-15 07:00:00,-0.0743827783695039
2019-11-15 08:00:00,-0.135840309177956
2019-11-15 09:00:00,-0.117178102397878
2019-11-15 10:00:00,0.0156663630972176
2019-11-15 11:00:00,0.0173430140917201
2019-11-15 12:00:00,0.0112307088688475
2019-11-15 13:00:00,0.0124858355029858
2019-11-15 14:00:00,0.0677613657833565
2019-11-15 15:00:00,0.0711262328317961
2019-11-15 16:00:00,0.0403291557990624
2019-11-15 17:00:00,0.0401477792739495
2019-11-15 18:00:00,0.0722464511861425
2019-11-15 19:00:00,0.0760114859805352
2019-11-15 20:00:00,-0.0644471629971441
2019-11-15 21:00:00,-0.0604685363047874
2019-11-15 22:00:00,-0.144737120185647
2019-11-15 23:00:00,-0.124815195310479
2019-11-16 00:00:00,0.0848076927986021
2019-11-16 01:00:00,0.0913479908023813
2019-11-16 02:00:00,0.138493251996936
2019-11-16 03:00:00,0.15884023220625
2019-11-16 04:00:00,0.083210047336955
2019-11-16 05:00:00,0.0900877324798035
2019-11-16 06:00:00,-0.2040927597316
2019-11-16 07:00:00,-0.167696640221756
2019-11-16 08:00:00,0.0646933176497306
2019-11-16 09:00:00,0.0695100510806927
2019-11-16 10:00:00,0.0518667869975769
2019-11-16 11:00:00,0.0557714321853986
2019-11-16 12:00:00,-0.179905198450902
2019-11-16 13:00:00,-0.146644324266829
2019-11-16 14:00:00,0.105052469018762
2019-11-16 15:00:00,0.114110381983425
2019-11-16 16:00:00,0.0514928159148518
2019-11-16 17:00:00,0.0513219854885136
2019-11-16 18:00:00,0.0758603742995891
2019-11-16 19:00:00,0.0787736616958323
2019-11-16 20:00:00,-0.0859546867220526
2019-11-16 21:00:00,-0.077923207414738
2019-11-16 22:00:00,0.112905933191698
2019-11-16 23:00:00,0.123729022850803
2019-11-17 00:00:00,0.0912225005626084
2019-11-17 01:00:00,0.0973038331182288
2019-11-17 02:00:00,-0.148886605308144
2019-11-17 03:00:00,-0.127151418068193
2019-11-17 04:00:00,0.127889255841508
2019-11-17 05:00:00,0.144900386001551
2019-11-17 06:00:00,-0.188808728324227
2019-11-17 07:00:00,-0.156838754173766
2019-11-17 08:00:00,0.0883194190913326
2019-11-17 09:00:00,0.0952496612656972
2019-11-17 10:00:00,-0.0845923140293827
2019-11-17 11:00:00,-0.0764267063397934
2019-11-17 12:00:00,0.10715267196961
2019-11-17 13:00:00,0.117761162934515
2019-11-17 14:00:00,-0.0331963909656725
2019-11-17 15:00:00,-0.0311004621602216
2019-11-17 16:00:00,-0.0514066307005834
2019-11-17 17:00:00,-0.0476482859658507
2019-11-17 18:00:00,0.0358414529904199
2019-11-17 19:00:00,0.0365775852490433
2019-11-17 20:00:00,0.0187465336546087
2019-11-17 21:00:00,0.0191340525541186
2019-11-17 22:00:00,0.0272297440106328
2019-11-17 23:00:00,0.0279591705199032
2019-11-18 00:00:00,0.0223948447819957
2019-11-18 01:00:00,0.0232711019963645
2019-11-18 02:00:00,0.0810769924292032
2019-11-18 03:00:00,0.0862207163625683
2019-11-18 04:00:00,-0.0317821331006769
2019-11-18 05:00:00,-0.0300016836983037
2019-11-18 06:00:00,-0.0520631253457555
2019-11-18 07:00:00,-0.0479040154513477
2019-11-18 08:00:00,-0.013491767391562
2019-11-18 09:00:00,-0.0117978490382153
2019-11-18 10:00:00,-0.0399474641106856
2019-11-18 11:00:00,-0.0346969324171322
2019-11-18 12:00:00,0.0183736449098308
2019-11-18 13:00:00,0.020309366873132
2019-11-18 14:00:00,0.0155754661702954
2019-11-18 15:00:00,0.015570856204624
2019-11-18 16:00:00,0.0939845336519323
2019-11-18 17:00:00,0.0986268118532205
2019-11-18 18:00:00,0.0805135556034973
2019-11-18 19:00:00,0.0832308397381336
2019-11-18 20:00:00,0.0883341662179493
2019-11-18 21:00:00,0.0941705331865208
2019-11-18 22:00:00,-0.0264968346248704
2019-11-18 23:00:00,-0.025012091546559
2019-11-19 00:00:00,0.0595690394475099
2019-11-19 01:00:00,0.0637432732171401
2019-11-19 02:00:00,0.0462604800927213
2019-11-19 03:00:00,0.0477800690559551
2019-11-19 04:00:00,0.015621057081125
2019-11-19 05:00:00,0.0164869407371313
2019-11-19 06:00:00,0.0341224306275532
2019-11-19 07:00:00,0.034991969692264
2019-11-19 08:00:00,-0.247671540582198
2019-11-19 09:00:00,-0.1956494867605
2019-11-19 10:00:00,0.135548897304323
2019-11-19 11:00:00,0.155895862126417
2019-11-19 12:00:00,0.0889757376372859
2019-11-19 13:00:00,0.0970754718351845
2019-11-19 14:00:00,-0.0302699068035963
2019-11-19 15:00:00,-0.0278892130973656
2019-11-19 16:00:00,0.0409087147718505
2019-11-19 17:00:00,0.0414448899577629
2019-11-19 18:00:00,0.0373177367823168
2019-11-19 19:00:00,0.0369956481797864
2019-11-19 20:00:00,-0.19214642041964
2019-11-19 21:00:00,-0.158363403753363
2019-11-19 22:00:00,0.0232696545850111
2019-11-19 23:00:00,0.0226228514329669
2019-11-20 00:00:00,0.0466025667960217
2019-11-20 01:00:00,0.0485366095023156
2019-11-20 02:00:00,0.088825840234934
2019-11-20 03:00:00,0.0953192165097114
2019-11-20 04:00:00,-0.0809588028625683
2019-11-20 05:00:00,-0.0727443174006268
2019-11-20 06:00:00,0.0345620943435314
2019-11-20 07:00:00,0.034343898265325
2019-11-20 08:00:00,-0.0175765143109796
2019-11-20 09:00:00,-0.0157295834206508
2019-11-20 10:00:00,-0.0146839402156829
2019-11-20 11:00:00,-0.0137197421921762
2019-11-20 12:00:00,0.00441802643993583
2019-11-20 13:00:00,0.0065289056067197
2019-11-20 14:00:00,-0.000484974591783427
2019-11-20 15:00:00,0.000204739199672233
2019-11-20 16:00:00,0.0344397115944481
2019-11-20 17:00:00,0.0338989646234786
2019-11-20 18:00:00,0.00100983377553909
2019-11-20 19:00:00,0.00108136244873691
2019-11-20 20:00:00,0.109335280516953
2019-11-20 21:00:00,0.117846878348011
2019-11-20 22:00:00,0.0864671128266608
2019-11-20 23:00:00,0.0900798795482451
2020-06-19 00:00:00,0.00564973254211942
2020-06-19 01:00:00,0.0109023694866117
2020-06-19 02:00:00,-0.0310355678473107
2020-06-19 03:00:00,-0.033264297054636
2020-06-19 04:00:00,0.0615757644805077
2020-06-19 05:00:00,0.0683407509065495
2020-06-19 06:00:00,0.0488358974204539
2020-06-19 07:00:00,0.0589057670124804
2020-06-19 08:00:00,0.11047261069957
2020-06-19 09:00:00,0.133561551783687
2020-06-19 10:00:00,0.314084581218466
2020-06-19 11:00:00,0.423284959796343
2020-06-19 12:00:00,0.353167069513294
2020-06-19 13:00:00,0.445596399204065
2020-06-19 14:00:00,-0.151073597827581
2020-06-19 15:00:00,-0.180366924208258
2020-06-19 16:00:00,-0.225815951673042
2020-06-19 17:00:00,-0.171433875277127
2020-06-19 18:00:00,-0.0197441803946292
2020-06-19 19:00:00,-0.0182009002014309
2020-06-19 20:00:00,-0.0805815182016687
2020-06-19 21:00:00,-0.0817815089193132
2020-06-19 22:00:00,-0.0633918759899794
2020-06-19 23:00:00,-0.0694568450868109
2020-06-20 00:00:00,0.0223569071012761
2020-06-20 01:00:00,0.0303315741187991
2020-06-20 02:00:00,-0.200830360901985
2020-06-20 03:00:00,-0.158232325782024
2020-06-20 04:00:00,0.0976857728292355
2020-06-20 05:00:00,0.100207789640628
2020-06-20 06:00:00,0.17747351448102
2020-06-20 07:00:00,0.228583274610028
2020-06-20 08:00:00,0.0976951938216422
2020-06-20 09:00:00,0.116438848257103
2020-06-20 10:00:00,0.0566534281024511
2020-06-20 11:00:00,0.0640115259396756
2020-06-20 12:00:00,0.220214812751117
2020-06-20 13:00:00,0.244839601450091
2020-06-20 14:00:00,0.0977595366685673
2020-06-20 15:00:00,0.0922462885592505
2020-06-20 16:00:00,-0.197462455569476
2020-06-20 17:00:00,-0.14971300409025
2020-06-20 18:00:00,-0.358177081878623
2020-06-20 19:00:00,-0.246603159400068
2020-06-20 20:00:00,-0.0634254179400013
2020-06-20 21:00:00,-0.0533442737276699
2020-06-20 22:00:00,0.0211330238915277
2020-06-20 23:00:00,0.0200594954123874
2020-06-21 00:00:00,-0.0311136208490685
2020-06-21 01:00:00,-0.033703879227402
2020-06-21 02:00:00,0.0418782091302168
2020-06-21 03:00:00,0.0450885906647231
2020-06-21 04:00:00,0.164297765043791
2020-06-21 05:00:00,0.196759572744961
2020-06-21 06:00:00,0.0650023319110931
2020-06-21 07:00:00,0.0580846612326216
2020-06-21 08:00:00,0.179625846787556
2020-06-21 09:00:00,0.203138103977304
2020-06-21 10:00:00,-0.0258244796105647
2020-06-21 11:00:00,-0.0132809598331551
2020-06-21 12:00:00,0.0445195425074383
2020-06-21 13:00:00,0.0379051851462648
2020-06-21 14:00:00,-0.0892053442474712
2020-06-21 15:00:00,-0.0798200861451148
2020-06-21 16:00:00,-0.680131296406794
2020-06-21 17:00:00,-0.395393235286477
2020-06-21 18:00:00,-0.170118612040803
2020-06-21 19:00:00,-0.141830630662821
2020-06-21 20:00:00,-0.0534030146508337
2020-06-21 21:00:00,-0.0513476012494225
2020-06-21 22:00:00,0.0576276534223954
2020-06-21 23:00:00,0.0596759636653719
2020-06-22 00:00:00,-0.186369400407428
2020-06-22 01:00:00,-0.144122571328149
2020-06-22 02:00:00,0.0505739917268055
2020-06-22 03:00:00,0.0479180568662585
2020-06-22 04:00:00,0.132108214126355
2020-06-22 05:00:00,0.139126413173225
2020-06-22 06:00:00,0.395021554335109
2020-06-22 07:00:00,0.583652311130968
2020-06-22 08:00:00,0.164243731279137
2020-06-22 09:00:00,0.175617593507762
2020-06-22 10:00:00,0.249740439291466
2020-06-22 11:00:00,0.308678025549889
2020-06-22 12:00:00,0.216294947350106
2020-06-22 13:00:00,0.252678948139357
2020-06-22 14:00:00,-0.0429953725831123
2020-06-22 15:00:00,-0.0470564635804092
2020-06-22 16:00:00,-0.169197342115107
2020-06-22 17:00:00,-0.137922644959914
2020-06-22 18:00:00,-0.0479432527044388
2020-06-22 19:00:00,-0.0408872689732203
2020-06-22 20:00:00,0.100162234124467
2020-06-22 21:00:00,0.105445322565174
2020-06-22 22:00:00,0.0822498771990601
2020-06-22 23:00:00,0.0871970521514687
2020-06-23 00:00:00,-0.134221761999544
2020-06-23 01:00:00,-0.111613200516737
2020-06-23 02:00:00,-0.0367735323347995
2020-06-23 03:00:00,-0.0417749444511291
2020-06-23 04:00:00,0.235184356342686
2020-06-23 05:00:00,0.287429177109719
2020-06-23 06:00:00,0.256120602527491
2020-06-23 07:00:00,0.312616396117526
2020-06-23 08:00:00,0.286182821796139
2020-06-23 09:00:00,0.358554162053907
2020-06-23 10:00:00,0.0198900437042946
2020-06-23 11:00:00,0.00599353515788703
2020-06-23 12:00:00,-0.498333159023752
2020-06-23 13:00:00,-0.326812933797227
2020-06-23 14:00:00,-0.0103116862706543
2020-06-23 15:00:00,-0.0286854430159247
2020-06-23 16:00:00,0.113791399897006
2020-06-23 17:00:00,0.116291364034987
2020-06-23 18:00:00,-0.435492291603204
2020-06-23 19:00:00,-0.288897585169948
2020-06-23 20:00:00,0.2738877546249
2020-06-23 21:00:00,0.351382510194701
2020-06-23 22:00:00,-0.271683549297526
2020-06-23 23:00:00,-0.213268257845773
2020-06-24 00:00:00,-0.0640297447338209
2020-06-24 01:00:00,-0.0604782658302359
2020-06-24 02:00:00,-0.0772606811654191
2020-06-24 03:00:00,-0.0676757931725245
2020-06-24 04:00:00,0.0824763880520498
2020-06-24 05:00:00,0.086979124994035
2020-06-24 06:00:00,0.249871052195619
2020-06-24 07:00:00,0.315226776529304
2020-06-24 08:00:00,-0.230211987102128
2020-06-24 09:00:00,-0.187503993160065
2020-06-24 10:00:00,0.12732408080192
2020-06-24 11:00:00,0.14067830761552
2020-06-24 12:00:00,-0.140467457255239
2020-06-24 13:00:00,-0.126456064235932
2020-06-24 14:00:00,0.112841008090789
2020-06-24 15:00:00,0.117369405239058
2020-06-24 16:00:00,0.0688380084597995
2020-06-24 17:00:00,0.0672789095759088
2020-06-24 18:00:00,-0.0233895929803341
2020-06-24 19:00:00,-0.0302528699050848
2020-06-24 20:00:00,-0.12487658279364
2020-06-24 21:00:00,-0.113431639809019
2020-06-24 22:00:00,0.0385399577169281
2020-06-24 23:00:00,0.0368103774457982
2020-07-01 00:00:00,0.053890589635091
2020-07-01 01:00:00,0.0580683177353034
2020-07-01 02:00:00,-0.0505706352686621
2020-07-01 03:00:00,-0.03714466049174
2020-07-01 04:00:00,-0.586377235537756
2020-07-01 05:00:00,-0.352713064374157
2020-07-01 06:00:00,0.396422885304859
2020-07-01 07:00:00,0.627782478678688
2020-07-01 08:00:00,0.164936315987696
2020-07-01 09:00:00,0.194391981691668
2020-07-01 10:00:00,-0.220489240242096
2020-07-01 11:00:00,-0.172739321867299
2020-07-01 12:00:00,0.147990436966224
2020-07-01 13:00:00,0.150379174947163
2020-07-01 14:00:00,0.0391974582624357
2020-07-01 15:00:00,0.0350973909744807
2020-07-01 16:00:00,-0.0767243188573401
2020-07-01 17:00:00,-0.0657109532490585
2020-07-01 18:00:00,-0.170965022300823
2020-07-01 19:00:00,-0.136742780701952
2020-07-01 20:00:00,-0.256927850428702
2020-07-01 21:00:00,-0.192164241713402
2020-07-01 22:00:00,-0.31071589067386
2020-07-01 23:00:00,-0.226613443054486
2020-07-02 00:00:00,0.093557899770019
2020-07-02 01:00:00,0.0947516988685582
2020-07-02 02:00:00,-0.0357954586394937
2020-07-02 03:00:00,-0.0312269708897714
2020-07-02 04:00:00,0.309832816169784
2020-07-02 05:00:00,0.407192775186711
2020-07-02 06:00:00,0.28482182978544
2020-07-02 07:00:00,0.358179154373724
2020-07-02 08:00:00,0.168276847479073
2020-07-02 09:00:00,0.183774877956473
2020-07-02 10:00:00,0.255595831959913
2020-07-02 11:00:00,0.306865717713881
2020-07-02 12:00:00,0.0590508798168736
2020-07-02 13:00:00,0.052710734546789
2020-07-02 14:00:00,0.0485517106283035
2020-07-02 15:00:00,0.0363163650448906
2020-07-02 16:00:00,-0.347712275228219
2020-07-02 17:00:00,-0.251930991725018
2020-07-02 18:00:00,-0.283549954940678
2020-07-02 19:00:00,-0.205338309687163
2020-07-02 20:00:00,0.176477413720058
2020-07-02 21:00:00,0.188363181147401
2020-07-02 22:00:00,0.0382227129690866
2020-07-02 23:00:00,0.0344556106823521
2020-07-03 00:00:00,-0.0258136273359089
2020-07-03 01:00:00,-0.0217938045844734
2020-07-03 02:00:00,-0.26544688954246
2020-07-03 03:00:00,-0.200332123164822
2020-07-03 04:00:00,-0.116955947507166
2020-07-03 05:00:00,-0.100453436371226
2020-07-03 06:00:00,0.300539366755848
2020-07-03 07:00:00,0.407465691414466
2020-07-03 08:00:00,0.270992355636158
2020-07-03 09:00:00,0.351583377668504
2020-07-03 10:00:00,0.0501795113706507
2020-07-03 11:00:00,0.0534996731913067
2020-07-03 12:00:00,0.0852804041047523
2020-07-03 13:00:00,0.0916555095544576
2020-07-03 14:00:00,-0.0440462224822014
2020-07-03 15:00:00,-0.0517867508735455
2020-07-03 16:00:00,-0.591397428890087
2020-07-03 17:00:00,-0.357843380470078
2020-07-03 18:00:00,0.0124151898506035
2020-07-03 19:00:00,0.0125770581653599
2020-07-03 20:00:00,-0.134924542171882
2020-07-03 21:00:00,-0.113751056308482
2020-07-03 22:00:00,-0.0332188563906382
2020-07-03 23:00:00,-0.0296336608508172
2020-07-04 00:00:00,0.174016913386557
2020-07-04 01:00:00,0.202401566670652
2020-07-04 02:00:00,-0.0427657941760957
2020-07-04 03:00:00,-0.041808960286783
2020-07-04 04:00:00,0.194224247045934
2020-07-04 05:00:00,0.225983362558835
2020-07-04 06:00:00,0.37807090853618
2020-07-04 07:00:00,0.578327132734247
2020-07-04 08:00:00,0.302682050814706
2020-07-04 09:00:00,0.438699196063411
2020-07-04 10:00:00,0.109852385619103
2020-07-04 11:00:00,0.103373979302071
2020-07-04 12:00:00,-0.0604651957499351
2020-07-04 13:00:00,-0.0878685301215798
2020-07-04 14:00:00,0.120880806976711
2020-07-04 15:00:00,0.0974663879837996
2020-07-04 16:00:00,-0.282034390998383
2020-07-04 17:00:00,-0.232387874596146
2020-07-04 18:00:00,-0.133153337278533
2020-07-04 19:00:00,-0.11875740600927
2020-07-04 20:00:00,-0.0821255210691136
2020-07-04 21:00:00,-0.0764121343522035
2020-07-04 22:00:00,0.11508497874154
2020-07-04 23:00:00,0.123896202652651
2020-07-05 00:00:00,-0.0130720815673531
2020-07-05 01:00:00,-0.0252033205360247
2020-07-05 02:00:00,-0.254757137901234
2020-07-05 03:00:00,-0.20494494128353
2020-07-05 04:00:00,0.0716927453975869
2020-07-05 05:00:00,0.0657338181071294
2020-07-05 06:00:00,0.276622262878871
2020-07-05 07:00:00,0.354172324354696
2020-07-05 08:00:00,0.329902099570843
2020-07-05 09:00:00,0.48799521977983
2020-07-05 10:00:00,0.10552244586626
2020-07-05 11:00:00,0.0954671779991676
2020-07-05 12:00:00,-0.00518471673418563
2020-07-05 13:00:00,-0.0256324969060397
2020-07-05 14:00:00,-0.12426673737003
2020-07-05 15:00:00,-0.139032773652304
2020-07-05 16:00:00,-0.106400720652359
2020-07-05 17:00:00,-0.0918439541244922
2020-07-05 18:00:00,0.0512591073827711
2020-07-05 19:00:00,0.0438838854694135
2020-07-05 20:00:00,-0.0759800049700319
2020-07-05 21:00:00,-0.0655053137257404
2020-07-05 22:00:00,-0.139891009020563
2020-07-05 23:00:00,-0.115520860623332
2020-07-06 00:00:00,-0.0710174872352809
2020-07-06 01:00:00,-0.0648585723484958
2020-07-06 02:00:00,-0.0482305289222005
2020-07-06 03:00:00,-0.0441214660604823
2020-07-06 04:00:00,-0.0678131434266218
2020-07-06 05:00:00,-0.0701461339928002
2020-07-06 06:00:00,0.340033053856625
2020-07-06 07:00:00,0.486140225115838
2020-07-06 08:00:00,0.0490681971310272
2020-07-06 09:00:00,0.0241850744852821
2020-07-06 10:00:00,-0.0454996148710824
2020-07-06 11:00:00,-0.0337956155034176
2020-07-06 12:00:00,-0.0429893878354548
2020-07-06 13:00:00,-0.0330168526587089
2020-07-06 14:00:00,-0.0403047448770515
2020-07-06 15:00:00,-0.0374151537104144
2020-07-06 16:00:00,-0.0379639538643053
2020-07-06 17:00:00,-0.0266541850831326
2020-07-06 18:00:00,-0.0283646962413551
2020-07-06 19:00:00,-0.0279856562009835
2020-07-06 20:00:00,-0.0212541266001098
2020-07-06 21:00:00,-0.0209665977852582
2020-07-06 22:00:00,-0.0229362977793164
2020-07-06 23:00:00,-0.0163583641660248
2020-07-07 00:00:00,-0.0341056124865116
2020-07-07 01:00:00,-0.0315720771813144
2020-07-07 02:00:00,-0.0292665918521386
2020-07-07 03:00:00,-0.0306888690803184
2020-07-07 04:00:00,-0.0269558053346302
2020-07-07 05:00:00,-0.0251151784071899
2020-07-07 06:00:00,0.229977340616002
2020-07-07 07:00:00,0.297490860124987
2020-07-07 08:00:00,0.415270343674376
2020-07-07 09:00:00,0.700666728651039
2020-07-07 10:00:00,-0.1495950312841
2020-07-07 11:00:00,-0.131587367312409
2020-07-07 12:00:00,-0.0969562876462664
2020-07-07 13:00:00,-0.107344633301138
2020-07-07 14:00:00,-0.0926543769431429
2020-07-07 15:00:00,-0.0824983454733141
2020-07-07 16:00:00,-0.0632174341116496
2020-07-07 17:00:00,-0.076821843077739
2020-07-07 18:00:00,-0.0672693373583586
2020-07-07 19:00:00,-0.0605159081857609
2020-07-07 20:00:00,-0.0491138130590931
2020-07-07 21:00:00,-0.0483121728485267
2020-07-07 22:00:00,-0.0492846840215408
2020-07-07 23:00:00,-0.045488634754947
2020-07-08 00:00:00,-0.0397713234268968
2020-07-08 01:00:00,-0.0376279298108972
2020-07-08 02:00:00,-0.0397322741539652
2020-07-08 03:00:00,-0.0315287468290641
2020-07-08 04:00:00,-0.0317437364438593
2020-07-08 05:00:00,-0.0292242736497323
2020-07-08 06:00:00,0.0674267213098858
2020-07-08 07:00:00,0.0682525101995726
2020-07-08 08:00:00,0.0673628599521008
2020-07-08 09:00:00,0.0763557634079799
2020-07-08 10:00:00,0.0852746845259453
2020-07-08 11:00:00,0.0851572791377171
2020-07-08 12:00:00,0.0830664668188152
2020-07-08 13:00:00,0.0878136651082952
2020-07-08 14:00:00,-0.00212441180984602
2020-07-08 15:00:00,-0.00398030830738794
2020-07-08 16:00:00,-0.154208667406334
2020-07-08 17:00:00,-0.125480517311877
2020-07-08 18:00:00,-0.144353250287908
2020-07-08 19:00:00,-0.118620178975439
2020-07-08 20:00:00,0.15555924475219
2020-07-08 21:00:00,0.176905374184576
2020-07-08 22:00:00,-0.236013231636538
2020-07-08 23:00:00,-0.189164849610125
2020-07-09 00:00:00,0.0067340321813445
2020-07-09 01:00:00,0.00539549658392602
2020-07-09 02:00:00,0.039304501672051
2020-07-09 03:00:00,0.0415424260207828
2020-07-09 04:00:00,-0.059809287704307
2020-07-09 05:00:00,-0.0515887423211598
2020-07-09 06:00:00,0.26907440738153
2020-07-09 07:00:00,0.363314036081936
2020-07-09 08:00:00,0.149110389342168
2020-07-09 09:00:00,0.1772159400654
2020-07-09 10:00:00,0.272729440542182
2020-07-09 11:00:00,0.36018395177659
2020-07-09 12:00:00,-0.19999245436465
2020-07-09 13:00:00,-0.15473330644228
2020-07-09 14:00:00,0.00821324570955362
2020-07-09 15:00:00,0.00162355750362053
2020-07-09 16:00:00,-0.129705345360579
2020-07-09 17:00:00,-0.119894158213803
2020-07-09 18:00:00,0.00154277926278024
2020-07-09 19:00:00,-0.00932441120716376
2020-07-09 20:00:00,-0.166268043517571
2020-07-09 21:00:00,-0.144275294101136
2020-07-09 22:00:00,-0.0939976859704146
2020-07-09 23:00:00,-0.0875812159929108
2020-07-15 00:00:00,0.0640702467202106
2020-07-15 01:00:00,0.0613217553719956
2020-07-15 02:00:00,-0.0536019259841938
2020-07-15 03:00:00,-0.0530567459055025
2020-07-15 04:00:00,0.175803100418331
2020-07-15 05:00:00,0.187277189405363
2020-07-15 06:00:00,0.247177375474236
2020-07-15 07:00:00,0.296826005457179
2020-07-15 08:00:00,-0.0833900708050122
2020-07-15 09:00:00,-0.0872214357743779
2020-07-15 10:00:00,0.218188780145979
2020-07-15 11:00:00,0.271197972164109
2020-07-15 12:00:00,-0.064377708981235
2020-07-15 13:00:00,-0.0666831482755823
2020-07-15 14:00:00,-0.0566265634476197
2020-07-15 15:00:00,-0.0405087419774119
2020-07-15 16:00:00,-0.231347541162702
2020-07-15 17:00:00,-0.182216779813078
2020-07-15 18:00:00,-0.435918831589579
2020-07-15 19:00:00,-0.293863784368435
2020-07-15 20:00:00,0.0158035416863402
2020-07-15 21:00:00,0.0147790702349235
2020-07-15 22:00:00,0.115060374018213
2020-07-15 23:00:00,0.128864734966875
2020-07-16 00:00:00,0.0351774512191412
2020-07-16 01:00:00,0.0404714007734963
2020-07-16 02:00:00,0.046329574893849
2020-07-16 03:00:00,0.0492758232677861
2020-07-16 04:00:00,0.02845072818792
2020-07-16 05:00:00,0.0232418967987016
2020-07-16 06:00:00,0.38685002038484
2020-07-16 07:00:00,0.60776733600374
2020-07-16 08:00:00,-0.545083687778089
2020-07-16 09:00:00,-0.349486838643205
2020-07-16 10:00:00,-0.252469439753802
2020-07-16 11:00:00,-0.200058317546281
2020-07-16 12:00:00,0.212850085210407
2020-07-16 13:00:00,0.26337263861779
2020-07-16 14:00:00,-0.189204037989279
2020-07-16 15:00:00,-0.156017281953066
2020-07-16 16:00:00,-0.114718168520777
2020-07-16 17:00:00,-0.100489410226328
2020-07-16 18:00:00,-0.0442187439464199
2020-07-16 19:00:00,-0.04083138811664
2020-07-16 20:00:00,-0.0853216245213808
2020-07-16 21:00:00,-0.0757883310255867
2020-07-16 22:00:00,0.208431684377344
2020-07-16 23:00:00,0.260468344889033
2020-07-17 00:00:00,-0.046301460284881
2020-07-17 01:00:00,-0.0405406403607129
2020-07-17 02:00:00,-0.0190533889450135
2020-07-17 03:00:00,-0.017011633113686
2020-07-17 04:00:00,0.0159822735244832
2020-07-17 05:00:00,0.0188951148731764
2020-07-17 06:00:00,0.31196725152202
2020-07-17 07:00:00,0.449333232586964
2020-07-17 08:00:00,-0.0278235260171469
2020-07-17 09:00:00,-0.0257113332990722
2020-07-17 10:00:00,-0.0453050167655684
2020-07-17 11:00:00,-0.0485196125365315
2020-07-17 12:00:00,0.193150208141384
2020-07-17 13:00:00,0.224501042638488
2020-07-17 14:00:00,-0.188803751453126
2020-07-17 15:00:00,-0.153691391510922
2020-07-17 16:00:00,-0.595605858974333
2020-07-17 17:00:00,-0.359295162214424
2020-07-17 18:00:00,-0.102116981635924
2020-07-17 19:00:00,-0.0910572807352974
2020-07-17 20:00:00,0.0549573419863361
2020-07-17 21:00:00,0.0576506526384559
2020-07-17 22:00:00,0.0543882958173629
2020-07-17 23:00:00,0.0538009338236902
2020-07-18 00:00:00,-0.0243121031258919
2020-07-18 01:00:00,-0.0225636880647855
2020-07-18 02:00:00,0.129429170532025
2020-07-18 03:00:00,0.143139410638057
2020-07-18 04:00:00,0.205114964354008
2020-07-18 05:00:00,0.251279114393208
2020-07-18 06:00:00,0.430032771526842
2020-07-18 07:00:00,0.725765652369968
2020-07-18 08:00:00,0.196594952306363
2020-07-18 09:00:00,0.219314683894821
2020-07-18 10:00:00,0.0282999766141989
2020-07-18 11:00:00,0.0261240052734886
2020-07-18 12:00:00,0.0591787886615425
2020-07-18 13:00:00,0.0436680366142719
2020-07-18 14:00:00,-0.0832028358098009
2020-07-18 15:00:00,-0.0824923787150276
2020-07-18 16:00:00,-0.155566192747905
2020-07-18 17:00:00,-0.128755118444385
2020-07-18 18:00:00,-0.136778043656315
2020-07-18 19:00:00,-0.119523074376256
2020-07-18 20:00:00,0.063981899523351
2020-07-18 21:00:00,0.0672864259865067
2020-07-18 22:00:00,-0.181393643270814
2020-07-18 23:00:00,-0.143151628676257
2020-07-19 00:00:00,0.112698670647589
2020-07-19 01:00:00,0.137425989497729
2020-07-19 02:00:00,-0.396980394166153
2020-07-19 03:00:00,-0.283234421392718
2020-07-19 04:00:00,0.154695243458247
2020-07-19 05:00:00,0.177992243419291
2020-07-19 06:00:00,0.243619220687854
2020-07-19 07:00:00,0.327095295512655
2020-07-19 08:00:00,-0.0503105264485999
2020-07-19 09:00:00,-0.0512094282143165
2020-07-19 10:00:00,-0.0100252218928674
2020-07-19 11:00:00,-0.0124737460584354
2020-07-19 12:00:00,0.0498459080050138
2020-07-19 13:00:00,0.0501423683553686
2020-07-19 14:00:00,0.0597490897366599
2020-07-19 15:00:00,0.067922416441383
2020-07-19 16:00:00,-0.0790570318111481
2020-07-19 17:00:00,-0.0799637989042568
2020-07-19 18:00:00,-0.0768676152277399
2020-07-19 19:00:00,-0.0711074825553686
2020-07-19 20:00:00,0.0598651005039263
2020-07-19 21:00:00,0.0634479554202345
2020-07-19 22:00:00,-0.0124333210592225
2020-07-19 23:00:00,-0.00717468782466302
2020-08-01 00:00:00,-0.329142840548531
2020-08-01 01:00:00,-0.242183034658757
2020-08-01 02:00:00,0.204731768760819
2020-08-01 03:00:00,0.253451450346589
2020-08-01 04:00:00,0.113142656099881
2020-08-01 05:00:00,0.118681796710656
2020-08-01 06:00:00,0.13263263157025
2020-08-01 07:00:00,0.147593279281099
2020-08-01 08:00:00,0.160959115896262
2020-08-01 09:00:00,0.19067315509833
2020-08-01 10:00:00,0.0154225457597699
2020-08-01 11:00:00,0.00689997808999632
2020-08-01 12:00:00,-0.206885058565293
2020-08-01 13:00:00,-0.174942600561935
2020-08-01 14:00:00,-0.120844073814756
2020-08-01 15:00:00,-0.116359018040399
2020-08-01 16:00:00,-0.0476259271782036
2020-08-01 17:00:00,-0.0428626853009453
2020-08-01 18:00:00,-0.0661534452440877
2020-08-01 19:00:00,-0.0630088483447313
2020-08-01 20:00:00,-0.443338412021307
2020-08-01 21:00:00,-0.303916929741609
2020-08-01 22:00:00,0.210768520180331
2020-08-01 23:00:00,0.261561058799579
2020-08-02 00:00:00,0.00773199728332674
2020-08-02 01:00:00,0.0102981112338147
2020-08-02 02:00:00,-0.0504923846618022
2020-08-02 03:00:00,-0.046318601708454
2020-08-02 04:00:00,0.20482159874848
2020-08-02 05:00:00,0.249388418005107
2020-08-02 06:00:00,0.0746142366596745
2020-08-02 07:00:00,0.0810770014962081
2020-08-02 08:00:00,-0.00737547178442899
2020-08-02 09:00:00,-0.00621398360027392
2020-08-02 10:00:00,0.100042832397055
2020-08-02 11:00:00,0.0943447920793412
2020-08-02 12:00:00,0.0933661343487477
2020-08-02 13:00:00,0.0855772371211012
2020-08-02 14:00:00,-0.295640274228259
2020-08-02 15:00:00,-0.226134597801143
2020-08-02 16:00:00,-0.0652363146804413
2020-08-02 17:00:00,-0.0599109673184142
2020-08-02 18:00:00,-0.0599014681766299
2020-08-02 19:00:00,-0.0537483967126571
2020-08-02 20:00:00,-0.0763481479446693
2020-08-02 21:00:00,-0.0695235907759555
2020-08-02 22:00:00,-0.0486084310702477
2020-08-02 23:00:00,-0.0432709695368807
2020-08-03 00:00:00,0.0912636867281602
2020-08-03 01:00:00,0.087476845648089
2020-08-03 02:00:00,0.0374825760933861
2020-08-03 03:00:00,0.0320082191462143
2020-08-03 04:00:00,0.0675435912926581
2020-08-03 05:00:00,0.0669682363230191
2020-08-03 06:00:00,0.166801695127822
2020-08-03 07:00:00,0.182850535140708
2020-08-03 08:00:00,0.272555528353912
2020-08-03 09:00:00,0.342317125909919
2020-08-03 10:00:00,-0.0408071448172054
2020-08-03 11:00:00,-0.0272014631094635
2020-08-03 12:00:00,0.00621509366737794
2020-08-03 13:00:00,0.00608641253175346
2020-08-03 14:00:00,-0.184068722947364
2020-08-03 15:00:00,-0.144612468752891
2020-08-03 16:00:00,0.0558497706844081
2020-08-03 17:00:00,0.0515460892808015
2020-08-03 18:00:00,-0.53674120892598
2020-08-03 19:00:00,-0.323217361352725
2020-08-03 20:00:00,-0.290480022743671
2020-08-03 21:00:00,-0.208318089368733
2020-08-03 22:00:00,-0.151758793317811
2020-08-03 23:00:00,-0.123436458453368
2020-08-04 00:00:00,0.0319336301932172
2020-08-04 01:00:00,0.0325852428418685
2020-08-04 02:00:00,0.256856031318113
2020-08-04 03:00:00,0.3419478519513
2020-08-04 04:00:00,-0.0126628495838705
2020-08-04 05:00:00,-0.0127094352476895
2020-08-04 06:00:00,0.35636874092809
2020-08-04 07:00:00,0.550077465712349
2020-08-04 08:00:00,-0.198732473650002
2020-08-04 09:00:00,-0.163288382440101
2020-08-04 10:00:00,0.199935023708062
2020-08-04 11:00:00,0.24734483273043
2020-08-04 12:00:00,-0.0582499488860533
2020-08-04 13:00:00,-0.0529316786625316
2020-08-04 14:00:00,-0.471941721350593
2020-08-04 15:00:00,-0.315188446286738
2020-08-04 16:00:00,-0.214398380718302
2020-08-04 17:00:00,-0.174653864019096
2020-08-04 18:00:00,0.385480940212496
2020-08-04 19:00:00,0.622129104402441
2020-08-04 20:00:00,-0.88597604431268
2020-08-04 21:00:00,-0.457761087085274
2020-08-04 22:00:00,0.00204177426173047
2020-08-04 23:00:00,0.00193383133344405
2020-08-05 00:00:00,0.236416817936931
2020-08-05 01:00:00,0.291083897642666
2020-08-05 02:00:00,-0.0849830104421212
2020-08-05 03:00:00,-0.074940564303585
2020-08-05 04:00:00,0.260659223096118
2020-08-05 05:00:00,0.334905101399743
2020-08-05 06:00:00,0.392754981683284
2020-08-05 07:00:00,0.615908617855821
2020-08-05 08:00:00,0.422419462387262
2020-08-05 09:00:00,0.692572779738421
2020-08-05 10:00:00,0.121568939761801
2020-08-05 11:00:00,0.119706420144287
2020-08-05 12:00:00,-0.0556715128017107
2020-08-05 13:00:00,-0.049150528258183
2020-08-05 14:00:00,-0.611467195368399
2020-08-05 15:00:00,-0.353368175768229
2020-08-05 16:00:00,-0.557383537626093
2020-08-05 17:00:00,-0.334844235332557
2020-08-05 18:00:00,0.286987007412066
2020-08-05 19:00:00,0.374031035735547
2020-08-05 20:00:00,-0.119767875474338
2020-08-05 21:00:00,-0.101607041693169
2020-08-05 22:00:00,0.0200230728454702
2020-08-05 23:00:00,0.0183794527280874
2020-08-06 00:00:00,0.198516682782243
2020-08-06 01:00:00,0.24071205547873
2020-08-06 02:00:00,0.00940465846608429
2020-08-06 03:00:00,0.00837290892242848
2020-08-06 04:00:00,0.0491633345372859
2020-08-06 05:00:00,0.051392231750607
2020-08-06 06:00:00,0.045188688048003
2020-08-06 07:00:00,0.0461416115705218
2020-08-06 08:00:00,0.0467407174676149
2020-08-06 09:00:00,0.0482152375027782
2020-08-06 10:00:00,0.497772331670934
2020-08-06 11:00:00,0.979337703471082
2020-08-06 12:00:00,0.0113161791100342
2020-08-06 13:00:00,0.00428965111790358
2020-08-06 14:00:00,-0.0890878921712757
2020-08-06 15:00:00,-0.0826047842689022
2020-08-06 16:00:00,-0.0300585266736144
2020-08-06 17:00:00,-0.0319907316690049
2020-08-06 18:00:00,-0.174330578616668
2020-08-06 19:00:00,-0.152639123163679
2020-08-06 20:00:00,-0.462310099991021
2020-08-06 21:00:00,-0.309860574492159
2020-08-06 22:00:00,0.0649565359162754
2020-08-06 23:00:00,0.0664808940903434
2020-08-07 00:00:00,-0.0264606877713431
2020-08-07 01:00:00,-0.0294481799561499
2020-08-07 02:00:00,0.143298316555275
2020-08-07 03:00:00,0.167252769545799
2020-08-07 04:00:00,0.0789564530518998
2020-08-07 05:00:00,0.0793147824053895
2020-08-07 06:00:00,0.233945294430481
2020-08-07 07:00:00,0.30632511387039
2020-08-07 08:00:00,0.215935302854535
2020-08-07 09:00:00,0.263862310106267
2020-08-07 10:00:00,0.12354431438306
2020-08-07 11:00:00,0.136142777108221
2020-08-07 12:00:00,-0.0901170561793574
2020-08-07 13:00:00,-0.0920748793861623
2020-08-07 14:00:00,-0.779513999461542
2020-08-07 15:00:00,-0.430080660775566
2020-08-07 16:00:00,-0.0204236234571313
2020-08-07 17:00:00,-0.0209293282744456
2020-08-07 18:00:00,-0.022405967962472
2020-08-07 19:00:00,-0.0186138138124834
2020-08-07 20:00:00,-0.0755178088099857
2020-08-07 21:00:00,-0.0731217485041924
2020-08-07 22:00:00,0.121136092255926
2020-08-07 23:00:00,0.136146732455998
2020-08-08 00:00:00,-0.0888662226418546
2020-08-08 01:00:00,-0.0806816288997148
2020-08-08 02:00:00,0.00963648545087548
2020-08-08 03:00:00,0.00962916304135586
2020-08-08 04:00:00,0.0841989392455487
2020-08-08 05:00:00,0.0906315450090505
2020-08-08 06:00:00,0.378935787624765
2020-08-08 07:00:00,0.57975683547578
2020-08-08 08:00:00,0.25570632229196
2020-08-08 09:00:00,0.307224386906585
2020-08-08 10:00:00,0.101228622655226
2020-08-08 11:00:00,0.0844610914874098
2020-08-08 12:00:00,0.0725983376848571
2020-08-08 13:00:00,0.0516405206616612
2020-08-08 14:00:00,0.0517463766310202
2020-08-08 15:00:00,0.0229618364707633
2020-08-08 16:00:00,-0.0183492497819246
2020-08-08 17:00:00,-0.0220078766225207
2020-08-08 18:00:00,-0.0576463702196728
2020-08-08 19:00:00,-0.05192693343065
2020-08-08 20:00:00,-0.0157867468946264
2020-08-08 21:00:00,-0.0129408910128843
2020-08-08 22:00:00,-0.129825106686408
2020-08-08 23:00:00,-0.106427840860969
2020-08-28 00:00:00,0.0780212055608969
2020-08-28 01:00:00,0.0743466248014313
2020-08-28 02:00:00,-0.0495450943569722
2020-08-28 03:00:00,-0.0467332693543119
2020-08-28 04:00:00,0.0987163065504442
2020-08-28 05:00:00,0.109279168490082
2020-08-28 06:00:00,0.248905519783962
2020-08-28 07:00:00,0.30946140032514
2020-08-28 08:00:00,0.246102346030765
2020-08-28 09:00:00,0.293521850637581
2020-08-28 10:00:00,0.151902409289968
2020-08-28 11:00:00,0.161326869662739
2020-08-28 12:00:00,0.13282876667812
2020-08-28 13:00:00,0.159805040582065
2020-08-28 14:00:00,-0.230900252884116
2020-08-28 15:00:00,-0.190895829736007
2020-08-28 16:00:00,-0.321263572916537
2020-08-28 17:00:00,-0.235304805352493
2020-08-28 18:00:00,-0.337249497753065
2020-08-28 19:00:00,-0.242104957226515
2020-08-28 20:00:00,0.21647308813513
2020-08-28 21:00:00,0.255348494564443
2020-08-28 22:00:00,-0.134827409682527
2020-08-28 23:00:00,-0.107157663170611
2020-08-29 00:00:00,0.126506777687559
2020-08-29 01:00:00,0.12195458161094
2020-08-29 02:00:00,-0.187160833434703
2020-08-29 03:00:00,-0.138578072778797
2020-08-29 04:00:00,0.126311049691303
2020-08-29 05:00:00,0.131903331894706
2020-08-29 06:00:00,-0.252219207121519
2020-08-29 07:00:00,-0.179027069467736
2020-08-29 08:00:00,-0.200353804566895
2020-08-29 09:00:00,-0.149645634000305
2020-08-29 10:00:00,-0.120349546410417
2020-08-29 11:00:00,-0.0912050605034631
2020-08-29 12:00:00,-0.213331394797018
2020-08-29 13:00:00,-0.152007681064986
2020-08-29 14:00:00,0.0324305696772322
2020-08-29 15:00:00,0.0352923951842392
2020-08-29 16:00:00,0.21143197430852
2020-08-29 17:00:00,0.237167577170438
2020-08-29 18:00:00,0.0172933844834056
2020-08-29 19:00:00,0.0178260813674358
2020-08-29 20:00:00,0.182531778036263
2020-08-29 21:00:00,0.197435688764365
2020-08-29 22:00:00,-0.115787352634371
2020-08-29 23:00:00,-0.0909794107885489
2020-08-30 00:00:00,0.0106229873912866
2020-08-30 01:00:00,0.0124234274096757
2020-08-30 02:00:00,0.261521602973945
2020-08-30 03:00:00,0.320170356836865
2020-08-30 04:00:00,0.0897476734664231
2020-08-30 05:00:00,0.0923328909477679
2020-08-30 06:00:00,0.188262117396329
2020-08-30 07:00:00,0.21250875792833
2020-08-30 08:00:00,0.509380491987296
2020-08-30 09:00:00,0.945743334480452
2020-08-30 10:00:00,0.252174651136161
2020-08-30 11:00:00,0.292772513565747
2020-08-30 12:00:00,0.0499509304053944
2020-08-30 13:00:00,0.0494516047711118
2020-08-30 14:00:00,-0.377617665018935
2020-08-30 15:00:00,-0.24426250821254
2020-08-30 16:00:00,0.132881724755305
2020-08-30 17:00:00,0.131682030910381
2020-08-30 18:00:00,-0.308657170852581
2020-08-30 19:00:00,-0.220351549349208
2020-08-30 20:00:00,-0.335732727391341
2020-08-30 21:00:00,-0.22920810491038
2020-08-30 22:00:00,0.398684530653595
2020-08-30 23:00:00,0.588720294302457
2020-08-31 00:00:00,-0.916642163963521
2020-08-31 01:00:00,-0.458989491412329
2020-08-31 02:00:00,-0.324451524033543
2020-08-31 03:00:00,-0.238954918971503
2020-08-31 04:00:00,0.116548814816815
2020-08-31 05:00:00,0.127060923274459
2020-08-31 06:00:00,0.460406015921241
2020-08-31 07:00:00,0.838304806950664
2020-08-31 08:00:00,-0.0685912475238108
2020-08-31 09:00:00,-0.0616560441903635
2020-08-31 10:00:00,-0.054423430375051
2020-08-31 11:00:00,-0.0505309249637778
2020-08-31 12:00:00,-0.047252042233251
2020-08-31 13:00:00,-0.0419572374997781
2020-08-31 14:00:00,-0.183209934146564
2020-08-31 15:00:00,-0.148779193531101
2020-08-31 16:00:00,-0.131252155116731
2020-08-31 17:00:00,-0.111424754754739
2020-08-31 18:00:00,-0.098569067415454
2020-08-31 19:00:00,-0.0865897180695567
2020-08-31 20:00:00,0.0372067520110253
2020-08-31 21:00:00,0.0374640008412532
2020-08-31 22:00:00,-0.00606694048160605
2020-08-31 23:00:00,-0.00584647807721606
2020-09-01 00:00:00,0.00549531390143798
2020-09-01 01:00:00,0.00566220598545009
2020-09-01 02:00:00,-0.195983916883819
2020-09-01 03:00:00,-0.156150565792094
2020-09-01 04:00:00,0.185656464150256
2020-09-01 05:00:00,0.216254377962118
2020-09-01 06:00:00,0.262558504967471
2020-09-01 07:00:00,0.336791052257759
2020-09-01 08:00:00,0.178626258470278
2020-09-01 09:00:00,0.204491600093702
2020-09-01 10:00:00,0.185756076498148
2020-09-01 11:00:00,0.218194839968809
2020-09-01 12:00:00,0.265263077179475
2020-09-01 13:00:00,0.333292340799152
2020-09-01 14:00:00,0.192584939481078
2020-09-01 15:00:00,0.220519903872455
2020-09-01 16:00:00,-0.983909301594781
2020-09-01 17:00:00,-0.463321542189652
2020-09-01 18:00:00,-0.299704206142744
2020-09-01 19:00:00,-0.216356934314064
2020-09-01 20:00:00,0.240183742155761
2020-09-01 21:00:00,0.296847341668281
2020-09-01 22:00:00,0.0735265860045367
2020-09-01 23:00:00,0.0752217899748651
2020-09-02 00:00:00,0.213677951444842
2020-09-02 01:00:00,0.262242290155678
2020-09-02 02:00:00,0.0779321771580532
2020-09-02 03:00:00,0.0824676214562032
2020-09-02 04:00:00,0.143306548012791
2020-09-02 05:00:00,0.160044592290651
2020-09-02 06:00:00,-0.160163876654963
2020-09-02 07:00:00,-0.128315561781915
2020-09-02 08:00:00,0.0509938604929223
2020-09-02 09:00:00,0.0499451737928229
2020-09-02 10:00:00,0.0563361986892152
2020-09-02 11:00:00,0.0560864236436212
2020-09-02 12:00:00,0.0560000794081992
2020-09-02 13:00:00,0.0613489734536286
2020-09-02 14:00:00,0.0612200989108649
2020-09-02 15:00:00,0.0616738248369826
2020-09-02 16:00:00,-0.440520065336539
2020-09-02 17:00:00,-0.297670896943293
2020-09-02 18:00:00,0.00547725038019564
2020-09-02 19:00:00,0.00333832334982631
2020-09-02 20:00:00,0.0977550160849638
2020-09-02 21:00:00,0.104109372236705
2020-09-02 22:00:00,0.193895353843952
2020-09-02 23:00:00,0.227940771842823
2020-09-03 00:00:00,-0.00851414022232611
2020-09-03 01:00:00,-0.00765659274125952
2020-09-03 02:00:00,0.0425346443086108
2020-09-03 03:00:00,0.0403536463047907
2020-09-03 04:00:00,-0.403825926608002
2020-09-03 05:00:00,-0.276585552810601
2020-09-03 06:00:00,0.469836326448429
2020-09-03 07:00:00,0.858375356209371
2020-09-03 08:00:00,0.0781432804909059
2020-09-03 09:00:00,0.0835337925767261
2020-09-03 10:00:00,0.0860336808267341
2020-09-03 11:00:00,0.0873693693286661
2020-09-03 12:00:00,0.0969784637631914
2020-09-03 13:00:00,0.0977126235799819
2020-09-03 14:00:00,-0.284464662766234
2020-09-03 15:00:00,-0.211382275560528
2020-09-03 16:00:00,-0.647023402760036
2020-09-03 17:00:00,-0.372661976477042
2020-09-03 18:00:00,-0.0424443860922938
2020-09-03 19:00:00,-0.0386721828929364
2020-09-03 20:00:00,0.43439217826077
2020-09-03 21:00:00,0.727626958779354
2020-09-03 22:00:00,-0.544336200364397
2020-09-03 23:00:00,-0.335882930307042
2020-09-04 00:00:00,-0.147394514257821
2020-09-04 01:00:00,-0.124908737462054
2020-09-04 02:00:00,0.350275993843704
2020-09-04 03:00:00,0.52727674811081
2020-09-04 04:00:00,-0.0518818330764104
2020-09-04 05:00:00,-0.0505022744306274
2020-09-04 06:00:00,0.0496189351705887
2020-09-04 07:00:00,0.0534889606835502
2020-09-04 08:00:00,0.318732650217699
2020-09-04 09:00:00,0.460067519479744
2020-09-04 10:00:00,0.216617260627751
2020-09-04 11:00:00,0.259706308544479
2020-09-04 12:00:00,0.0817027091895053
2020-09-04 13:00:00,0.0759107502279273
2020-09-04 14:00:00,-0.144493379961742
2020-09-04 15:00:00,-0.12713178033067
2020-09-04 16:00:00,0.246100200986616
2020-09-04 17:00:00,0.309571677660143
2020-09-04 18:00:00,-0.845671094931425
2020-09-04 19:00:00,-0.444351044455427
2020-09-04 20:00:00,-0.0671591615045992
2020-09-04 21:00:00,-0.0598631569225647
2020-09-04 22:00:00,0.0336576629983911
2020-09-04 23:00:00,0.0345438553328759
2020-09-24 00:00:00,0.0637897378753305
2020-09-24 01:00:00,0.0621130500828091
2020-09-24 02:00:00,0.02430550617159
2020-09-24 03:00:00,0.00950840232382255
2020-09-24 04:00:00,0.121473762761721
2020-09-24 05:00:00,0.109904708609939
2020-09-24 06:00:00,0.0673536204351883
2020-09-24 07:00:00,0.0708105371944283
2020-09-24 08:00:00,0.152958784572927
2020-09-24 09:00:00,0.172907578979695
2020-09-24 10:00:00,0.0599322504360726
2020-09-24 11:00:00,0.0541949290720334
2020-09-24 12:00:00,-0.387205100282455
2020-09-24 13:00:00,-0.267024908489533
2020-09-24 14:00:00,0.161342805081527
2020-09-24 15:00:00,0.184556921537305
2020-09-24 16:00:00,0.077564668692589
2020-09-24 17:00:00,0.0824932970148406
2020-09-24 18:00:00,-0.0769241754562282
2020-09-24 19:00:00,-0.0764787709031607
2020-09-24 20:00:00,-0.0730924193601012
2020-09-24 21:00:00,-0.0711932127332728
2020-09-24 22:00:00,-0.0198159465538925
2020-09-24 23:00:00,-0.0151485400836275
2020-09-25 00:00:00,0.0187954676200377
2020-09-25 01:00:00,0.0174125468913076
2020-09-25 02:00:00,0.0160914848915041
2020-09-25 03:00:00,0.011333823747905
2020-09-25 04:00:00,-0.0829920530203037
2020-09-25 05:00:00,-0.0706003900217906
2020-09-25 06:00:00,-0.115684236240189
2020-09-25 07:00:00,-0.100048451085619
2020-09-25 08:00:00,0.205562340976874
2020-09-25 09:00:00,0.242792097779281
2020-09-25 10:00:00,0.0589448321415311
2020-09-25 11:00:00,0.0576309363312593
2020-09-25 12:00:00,-0.300060394532053
2020-09-25 13:00:00,-0.225029572192469
2020-09-25 14:00:00,-0.185497070414844
2020-09-25 15:00:00,-0.154082196374778
2020-09-25 16:00:00,-0.0312041367942566
2020-09-25 17:00:00,-0.0321310109728357
2020-09-25 18:00:00,-0.02069795387421
2020-09-25 19:00:00,-0.0227921071143431
2020-09-25 20:00:00,0.0278564323884938
2020-09-25 21:00:00,0.029382544863112
2020-09-25 22:00:00,0.0312183212175565
2020-09-25 23:00:00,0.0369321575765191
2020-09-26 00:00:00,-0.0606977524155292
2020-09-26 01:00:00,-0.0576783083705665
2020-09-26 02:00:00,-0.096105182543031
2020-09-26 03:00:00,-0.0846226545258419
2020-09-26 04:00:00,-0.0286481871291988
2020-09-26 05:00:00,-0.0237630935877204
2020-09-26 06:00:00,-0.0800125581120472
2020-09-26 07:00:00,-0.0722803144234083
2020-09-26 08:00:00,-0.491193652992494
2020-09-26 09:00:00,-0.320989992096374
2020-09-26 10:00:00,-0.29546513493315
2020-09-26 11:00:00,-0.21985819452723
2020-09-26 12:00:00,0.0884900832371684
2020-09-26 13:00:00,0.0956754842893348
2020-09-26 14:00:00,-0.0209748227100963
2020-09-26 15:00:00,-0.0184499509847207
2020-09-26 16:00:00,0.0268355809160061
2020-09-26 17:00:00,0.0248970624987237
2020-09-26 18:00:00,-0.0347759787288009
2020-09-26 19:00:00,-0.033171438145299
2020-09-26 20:00:00,0.0810346149807408
2020-09-26 21:00:00,0.0845269734680532
2020-09-26 22:00:00,0.144490259333573
2020-09-26 23:00:00,0.162009803275662
2020-09-27 00:00:00,-0.322358913728428
2020-09-27 01:00:00,-0.241954333146328
2020-09-27 02:00:00,0.113059666142471
2020-09-27 03:00:00,0.12638942414274
2020-09-27 04:00:00,-0.0620231630266304
2020-09-27 05:00:00,-0.0578781089446565
2020-09-27 06:00:00,-0.141395484072948
2020-09-27 07:00:00,-0.120626120887598
2020-09-27 08:00:00,0.107501033778565
2020-09-27 09:00:00,0.121246955474172
2020-09-27 10:00:00,0.011752222850717
2020-09-27 11:00:00,0.014842461303191
2020-09-27 12:00:00,0.17105906722489
2020-09-27 13:00:00,0.200049882969878
2020-09-27 14:00:00,0.056531590276343
2020-09-27 15:00:00,0.0595487703979227
2020-09-27 16:00:00,0.103294591038781
2020-09-27 17:00:00,0.106737893909445
2020-09-27 18:00:00,0.118917332112002
2020-09-27 19:00:00,0.123758744790184
2020-09-27 20:00:00,0.0436994373137018
2020-09-27 21:00:00,0.0413808827428337
2020-09-27 22:00:00,0.0327129402261654
2020-09-27 23:00:00,0.0319988126772373
2020-09-28 00:00:00,-0.0265173356210386
2020-09-28 01:00:00,-0.0251049253960929
2020-09-28 02:00:00,-0.00451547478269454
2020-09-28 03:00:00,-0.00399635455467084
2020-09-28 04:00:00,0.0150488448830615
2020-09-28 05:00:00,0.0149183270054802
2020-09-28 06:00:00,-0.10878627449841
2020-09-28 07:00:00,-0.0959528481198895
2020-09-28 08:00:00,0.097715661574691
2020-09-28 09:00:00,0.106484646939679
2020-09-28 10:00:00,0.105759539966577
2020-09-28 11:00:00,0.116763261101989
2020-09-28 12:00:00,0.143975806696119
2020-09-28 13:00:00,0.164824571978667
2020-09-28 14:00:00,0.0962463174956021
2020-09-28 15:00:00,0.104676692697673
2020-09-28 16:00:00,0.172546005073109
2020-09-28 17:00:00,0.201990701936939
2020-09-28 18:00:00,0.0767558681373934
2020-09-28 19:00:00,0.0795573203365212
2020-09-28 20:00:00,0.0455708707565545
2020-09-28 21:00:00,0.0500542092983753
2020-09-28 22:00:00,-0.00109071725115228
2020-09-28 23:00:00,-0.00342000065957926
2020-09-29 00:00:00,0.0535456244527817
2020-09-29 01:00:00,0.0550192720635563
2020-09-29 02:00:00,0.00169158975369577
2020-09-29 03:00:00,0.00281383448314898
2020-09-29 04:00:00,-0.00512415401033373
2020-09-29 05:00:00,-0.0044816575198956
2020-09-29 06:00:00,-0.133260691292077
2020-09-29 07:00:00,-0.116661266217497
2020-09-29 08:00:00,0.196418544603602
2020-09-29 09:00:00,0.243284868082848
2020-09-29 10:00:00,-0.147584299897484
2020-09-29 11:00:00,-0.126963505306425
2020-09-29 12:00:00,0.0326790806271458
2020-09-29 13:00:00,0.0339857613107402
2020-09-29 14:00:00,0.118030901613276
2020-09-29 15:00:00,0.132951398103459
2020-09-29 16:00:00,-0.436941634081248
2020-09-29 17:00:00,-0.302651830184823
2020-09-29 18:00:00,0.0171433025919079
2020-09-29 19:00:00,0.0169723134755184
2020-09-29 20:00:00,0.0766512839061591
2020-09-29 21:00:00,0.0825989070691175
2020-09-29 22:00:00,0.100216162834148
2020-09-29 23:00:00,0.109036866897393
2020-09-30 00:00:00,0.0764724387172215
2020-09-30 01:00:00,0.0799168343347629
2020-09-30 02:00:00,0.0443159617418338
2020-09-30 03:00:00,0.0424577527003898
2020-09-30 04:00:00,-0.207035295334083
2020-09-30 05:00:00,-0.170426603434652
2020-09-30 06:00:00,0.0688813028022661
2020-09-30 07:00:00,0.0746004094545967
2020-09-30 08:00:00,0.0185112765995008
2020-09-30 09:00:00,0.0189985899871861
2020-09-30 10:00:00,0.028248753723096
2020-09-30 11:00:00,0.0271945183289546
2020-09-30 12:00:00,0.145392619450756
2020-09-30 13:00:00,0.168832992395961
2020-09-30 14:00:00,-0.213191594617235
2020-09-30 15:00:00,-0.174830998532089
2020-09-30 16:00:00,0.0445087742229671
2020-09-30 17:00:00,0.0441345751376812
2020-09-30 18:00:00,-0.0351253101650464
2020-09-30 19:00:00,-0.0327492309512856
2020-09-30 20:00:00,-0.0442107381966856
2020-09-30 21:00:00,-0.0447116506687379
2020-09-30 22:00:00,0.208838487039248
2020-09-30 23:00:00,0.259971740781753
2020-10-01 00:00:00,-0.178557800179494
2020-10-01 01:00:00,-0.150118814459263
2020-10-01 02:00:00,-0.0662946143772567
2020-10-01 03:00:00,-0.0609620322341531
2020-10-01 04:00:00,0.000944207034438982
2020-10-01 05:00:00,-2.30657271549362e-05
2020-10-01 06:00:00,0.148218539341747
2020-10-01 07:00:00,0.169881082516255
2020-10-01 08:00:00,0.230194909187595
2020-10-01 09:00:00,0.296672181976392
2020-10-01 10:00:00,0.18840723767737
2020-10-01 11:00:00,0.230546140079083
2020-10-01 12:00:00,-0.014895264273016
2020-10-01 13:00:00,-0.0149026892880118
2020-10-01 14:00:00,-0.369494295440056
2020-10-01 15:00:00,-0.265130086594341
2020-10-01 16:00:00,-0.0870306648754822
2020-10-01 17:00:00,-0.0810212453101373
2020-10-01 18:00:00,-0.131237999676284
2020-10-01 19:00:00,-0.114260619711113
2020-10-01 20:00:00,0.115611321539777
2020-10-01 21:00:00,0.127010607191308
2020-10-01 22:00:00,-0.0482451294487705
2020-10-01 23:00:00,-0.048576408743255
2020-10-02 00:00:00,0.0934257671672931
2020-10-02 01:00:00,0.101023307386899
2020-10-02 02:00:00,0.0384773761477497
2020-10-02 03:00:00,0.0384884879305689
2020-10-02 04:00:00,-0.0792086226060142
2020-10-02 05:00:00,-0.0676221945424107
2020-10-02 06:00:00,0.0159475754957992
2020-10-02 07:00:00,0.0199253761173317
2020-10-02 08:00:00,0.0329566732684246
2020-10-02 09:00:00,0.0313707285144291
2020-10-02 10:00:00,-0.0544471573901832
2020-10-02 11:00:00,-0.0501870872448453
2020-10-02 12:00:00,0.0536410910971004
2020-10-02 13:00:00,0.0534947098356167
2020-10-02 14:00:00,-0.303781026702392
2020-10-02 15:00:00,-0.225555988647429
2020-10-02 16:00:00,-0.215331016498574
2020-10-02 17:00:00,-0.173053926533933
2020-10-02 18:00:00,-0.0364047154413676
2020-10-02 19:00:00,-0.0343086535747918
2020-10-02 20:00:00,-0.0472619223867401
2020-10-02 21:00:00,-0.0454385282940599
2020-10-02 22:00:00,-0.110790778760279
2020-10-02 23:00:00,-0.097877373718589
2020-10-03 00:00:00,-0.0290087969082844
2020-10-03 01:00:00,-0.0272495453677575
2020-10-03 02:00:00,-0.00478938087947434
2020-10-03 03:00:00,-0.00477533271799224
2020-10-03 04:00:00,0.0250333981735782
2020-10-03 05:00:00,0.0253893932324054
2020-10-03 06:00:00,0.031608336090498
2020-10-03 07:00:00,0.0327054194284955
2020-10-03 08:00:00,0.0465866252829699
2020-10-03 09:00:00,0.0484971320566352
2020-10-03 10:00:00,0.0151619092233641
2020-10-03 11:00:00,0.0161872488350152
2020-10-03 12:00:00,0.0164331377768043
2020-10-03 13:00:00,0.0164625327751544
2020-10-03 14:00:00,0.01679170771793
2020-10-03 15:00:00,0.0167210934619906
2020-10-03 16:00:00,0.0167833064276817
2020-10-03 17:00:00,0.016970535912133
2020-10-03 18:00:00,0.0172917570225248
2020-10-03 19:00:00,0.0169382008968242
2020-10-03 20:00:00,0.0173108961556565
2020-10-03 21:00:00,0.0174477761193454
2020-10-03 22:00:00,0.0173986157587898
2020-10-03 23:00:00,0.0172724092365044
2020-10-04 00:00:00,0.0121675309525049
2020-10-04 01:00:00,0.0118736226619944
2020-10-04 02:00:00,0.0117896404530331
2020-10-04 03:00:00,0.0121405497871994
2020-10-04 04:00:00,0.0125023865540257
2020-10-04 05:00:00,0.0124242226403641
2020-10-04 06:00:00,0.0125699049832129
2020-10-04 07:00:00,0.012928841182422
2020-10-04 08:00:00,0.0126501944198818
2020-10-04 09:00:00,0.0130274947887532
2020-10-04 10:00:00,0.0130836172964646
2020-10-04 11:00:00,0.0133533620815527
2020-10-04 12:00:00,0.0135226855057304
2020-10-04 13:00:00,0.0138417994112618
2020-10-04 14:00:00,0.0139829904085236
2020-10-04 15:00:00,0.0138051409892164
2020-10-04 16:00:00,0.0140122748575155
2020-10-04 17:00:00,0.0147303578865827
2020-10-04 18:00:00,0.0142715863957896
2020-10-04 19:00:00,0.014740676818322
2020-10-04 20:00:00,0.0152274555625471
2020-10-04 21:00:00,0.0151732926973978
2020-10-04 22:00:00,0.0149713146482444
2020-10-04 23:00:00,0.0159101128345007
2020-10-05 00:00:00,0.0207328919718677
2020-10-05 01:00:00,0.0206603679166797
2020-10-05 02:00:00,0.0204579524271651
2020-10-05 03:00:00,0.021013737428536
2020-10-05 04:00:00,0.0208217682712704
2020-10-05 05:00:00,0.0214015949428497
2020-10-05 06:00:00,0.0215004556755414
2020-10-05 07:00:00,0.0214521582146077
2020-10-05 08:00:00,0.130259565451539
2020-10-05 09:00:00,0.148666095493995
2020-10-05 10:00:00,0.174731052921794
2020-10-05 11:00:00,0.208124307779388
2020-10-05 12:00:00,-0.041606396861436
2020-10-05 13:00:00,-0.0349585668821923
2020-10-05 14:00:00,-0.128042244132626
2020-10-05 15:00:00,-0.109920853556916
2020-10-05 16:00:00,-0.166055959484734
2020-10-05 17:00:00,-0.139691014690937
2020-10-05 18:00:00,-0.0331478789250266
2020-10-05 19:00:00,-0.0310026397014038
2020-10-05 20:00:00,-0.0314244152672156
2020-10-05 21:00:00,-0.029923303122148
2020-10-05 22:00:00,-0.0200700856083671
2020-10-05 23:00:00,-0.0202463252824607
2020-10-06 00:00:00,-0.0308469990168216
2020-10-06 01:00:00,-0.0290283648181049
2020-10-06 02:00:00,-0.00151511769642987
2020-10-06 03:00:00,-0.00137114691575491
2020-10-06 04:00:00,0.0340084208075027
2020-10-06 05:00:00,0.0343132821974272
2020-10-06 06:00:00,0.102220752613441
2020-10-06 07:00:00,0.110182453545562
2020-10-06 08:00:00,0.145343555399135
2020-10-06 09:00:00,0.164490402602461
2020-10-06 10:00:00,0.193851816770092
2020-10-06 11:00:00,0.234262511686813
2020-10-06 12:00:00,-0.287431828358622
2020-10-06 13:00:00,-0.214325573662185
2020-10-06 14:00:00,-0.0147055708977177
2020-10-06 15:00:00,-0.0134187191229191
2020-10-06 16:00:00,-0.313418540442807
2020-10-06 17:00:00,-0.229918805087836
2020-10-06 18:00:00,0.0491543674751487
2020-10-06 19:00:00,0.0503200437215749
2020-10-06 20:00:00,-0.0581314112289917
2020-10-06 21:00:00,-0.0526975731813071
2020-10-06 22:00:00,-0.00136210243085877
2020-10-06 23:00:00,-0.00134524165738981
2020-10-07 00:00:00,0.0155390869936713
2020-10-07 01:00:00,0.0154342907190355
2020-10-07 02:00:00,0.170458163722609
2020-10-07 03:00:00,0.198955672004111
2020-10-07 04:00:00,0.00494235658232789
2020-10-07 05:00:00,0.00461910032002066
2020-10-07 06:00:00,0.173033133203381
2020-10-07 07:00:00,0.203532551026486
2020-10-07 08:00:00,0.202328532375413
2020-10-07 09:00:00,0.246538090795369
2020-10-07 10:00:00,0.246384298111694
2020-10-07 11:00:00,0.316456448381331
2020-10-07 12:00:00,0.0143510924591279
2020-10-07 13:00:00,0.0161604343552604
2020-10-07 14:00:00,-0.450292858699653
2020-10-07 15:00:00,-0.298457491989858
2020-10-07 16:00:00,-0.00837268945535108
2020-10-07 17:00:00,-0.00904507693016221
2020-10-07 18:00:00,-0.0693453912010753
2020-10-07 19:00:00,-0.0627780804275915
2020-10-07 20:00:00,-0.0254701632119296
2020-10-07 21:00:00,-0.0237965252976071
2020-10-07 22:00:00,-0.153142595284118
2020-10-07 23:00:00,-0.128187590829201
2020-10-08 00:00:00,0.151015608026682
2020-10-08 01:00:00,0.170152931142239
2020-10-08 02:00:00,0.118278872996443
2020-10-08 03:00:00,0.12926477320476
2020-10-08 04:00:00,0.0543396526648614
2020-10-08 05:00:00,0.0557987824717028
2020-10-08 06:00:00,-0.491225156616709
2020-10-08 07:00:00,-0.311157572759679
2020-10-08 08:00:00,-0.0386416077282199
2020-10-08 09:00:00,-0.0305055562505228
2020-10-08 10:00:00,0.36154529832425
2020-10-08 11:00:00,0.523630325253158
2020-10-08 12:00:00,0.00358805657786121
2020-10-08 13:00:00,0.00798266336714093
2020-10-08 14:00:00,0.164537365156033
2020-10-08 15:00:00,0.182736621368219
2020-10-08 16:00:00,-0.121193290662639
2020-10-08 17:00:00,-0.0980387555606566
2020-10-08 18:00:00,-0.0473438356281921
2020-10-08 19:00:00,-0.0426566833447097
2020-10-08 20:00:00,0.121849624414065
2020-10-08 21:00:00,0.126839298879379
2020-10-08 22:00:00,0.0876630579353357
2020-10-08 23:00:00,0.0883490253315813
2020-10-09 00:00:00,-0.151397580853931
2020-10-09 01:00:00,-0.129702750041085
2020-10-09 02:00:00,0.174923215956445
2020-10-09 03:00:00,0.209514002690772
2020-10-09 04:00:00,0.126387860240651
2020-10-09 05:00:00,0.143982130920202
2020-10-09 06:00:00,0.139103394849233
2020-10-09 07:00:00,0.160723745208752
2020-10-09 08:00:00,-0.14598883926419
2020-10-09 09:00:00,-0.12488311503232
2020-10-09 10:00:00,0.238100170148295
2020-10-09 11:00:00,0.307718767063772
2020-10-09 12:00:00,-0.23915204734225
2020-10-09 13:00:00,-0.191734720504746
2020-10-09 14:00:00,-0.425395910604573
2020-10-09 15:00:00,-0.294201200645565
2020-10-09 16:00:00,0.0752295194026562
2020-10-09 17:00:00,0.0797149261797951
2020-10-09 18:00:00,-0.147710071677148
2020-10-09 19:00:00,-0.126823458753003
2020-10-09 20:00:00,0.0730776240306845
2020-10-09 21:00:00,0.0782283897906701
2020-10-09 22:00:00,0.00383483826704811
2020-10-09 23:00:00,0.00333782681414618
2020-10-10 00:00:00,0.263881812547771
2020-10-10 01:00:00,0.354858847708856
2020-10-10 02:00:00,-0.20706223934123
2020-10-10 03:00:00,-0.169943724788352
2020-10-10 04:00:00,0.0773457977822982
2020-10-10 05:00:00,0.0838497585956333
2020-10-10 06:00:00,-0.125443805254232
2020-10-10 07:00:00,-0.111009091589002
2020-10-10 08:00:00,0.326421606833817
2020-10-10 09:00:00,0.481586580343729
2020-10-10 10:00:00,-0.0826019313173685
2020-10-10 11:00:00,-0.0748820985550669
2020-10-10 12:00:00,-0.0557417749554592
2020-10-10 13:00:00,-0.0513025561316685
2020-10-10 14:00:00,-0.297839929672651
2020-10-10 15:00:00,-0.225980660912773
2020-10-10 16:00:00,0.0231508806184078
2020-10-10 17:00:00,0.02358305470894
2020-10-10 18:00:00,0.0773889948150011
2020-10-10 19:00:00,0.0828344621353541
2020-10-10 20:00:00,0.243994694905325
2020-10-10 21:00:00,0.319438428792719
2020-10-10 22:00:00,-0.100465371694971
2020-10-10 23:00:00,-0.0889778890716766
2020-10-11 00:00:00,-0.125339421709935
2020-10-11 01:00:00,-0.105293834037234
2020-10-11 02:00:00,0.120704723955134
2020-10-11 03:00:00,0.129669594106357
2020-10-11 04:00:00,0.0419074423616799
2020-10-11 05:00:00,0.041953511114837
2020-10-11 06:00:00,0.151073140258218
2020-10-11 07:00:00,0.16991207290369
2020-10-11 08:00:00,0.369203477386886
2020-10-11 09:00:00,0.554807636343909
2020-10-11 10:00:00,0.185308478138074
2020-10-11 11:00:00,0.214694674733799
2020-10-11 12:00:00,-0.022421799511358
2020-10-11 13:00:00,-0.0149761121702428
2020-10-11 14:00:00,-0.10753935953414
2020-10-11 15:00:00,-0.0956424938307343
2020-10-11 16:00:00,-0.274675797582344
2020-10-11 17:00:00,-0.20574211076294
2020-10-11 18:00:00,-0.0969513073785695
2020-10-11 19:00:00,-0.0849301705376071
2020-10-11 20:00:00,0.0102150915846781
2020-10-11 21:00:00,0.0103055107974939
2020-10-11 22:00:00,-0.0319491706656549
2020-10-11 23:00:00,-0.0297166910662767
2020-10-12 00:00:00,0.0251404132858397
2020-10-12 01:00:00,0.0247348721534824
2020-10-12 02:00:00,-0.0569196941614027
2020-10-12 03:00:00,-0.0530947330812666
2020-10-12 04:00:00,-0.0348429241060568
2020-10-12 05:00:00,-0.034144915190689
2020-10-12 06:00:00,0.158395393839763
2020-10-12 07:00:00,0.186374116432143
2020-10-12 08:00:00,0.268114944106729
2020-10-12 09:00:00,0.364130531711212
2020-10-12 10:00:00,-0.108435328016194
2020-10-12 11:00:00,-0.100054310129806
2020-10-12 12:00:00,-0.28430361812454
2020-10-12 13:00:00,-0.220070116871343
2020-10-12 14:00:00,0.102675217240545
2020-10-12 15:00:00,0.111679282837109
2020-10-12 16:00:00,-0.000243382413879445
2020-10-12 17:00:00,-0.00274784810305739
2020-10-12 18:00:00,0.151866846570158
2020-10-12 19:00:00,0.178211322329499
2020-10-12 20:00:00,-0.0613180740254178
2020-10-12 21:00:00,-0.0590866036337934
2020-10-12 22:00:00,0.0185979283276723
2020-10-12 23:00:00,0.0193163130501048
2020-10-13 00:00:00,-0.0488701929798463
2020-10-13 01:00:00,-0.0461652992798323
2020-10-13 02:00:00,-0.00170602182278667
2020-10-13 03:00:00,-0.00142641855598491
2020-10-13 04:00:00,0.0181509606848067
2020-10-13 05:00:00,0.0175674425930872
2020-10-13 06:00:00,-0.147415039359649
2020-10-13 07:00:00,-0.128221107248786
2020-10-13 08:00:00,0.216990282199625
2020-10-13 09:00:00,0.279224858686387
2020-10-13 10:00:00,-0.0225200513312585
2020-10-13 11:00:00,-0.0212389997064646
2020-10-13 12:00:00,-0.0645284484033279
2020-10-13 13:00:00,-0.0570198103229274
2020-10-13 14:00:00,-0.0346478844326903
2020-10-13 15:00:00,-0.0332564270719189
2020-10-13 16:00:00,-0.20585986865925
2020-10-13 17:00:00,-0.170367948632475
2020-10-13 18:00:00,-0.00947550995241997
2020-10-13 19:00:00,-0.00893711708362943
2020-10-13 20:00:00,0.119891386762928
2020-10-13 21:00:00,0.135090803873911
2020-10-13 22:00:00,0.012911938538549
2020-10-13 23:00:00,0.0108561592109186
2020-10-14 00:00:00,0.0875797202842676
2020-10-14 01:00:00,0.092522652567947
2020-10-14 02:00:00,0.0248784895577803
2020-10-14 03:00:00,0.0244787008413638
2020-10-14 04:00:00,0.0450968766276354
2020-10-14 05:00:00,0.0478829231533933
2020-10-14 06:00:00,0.0128404453658524
2020-10-14 07:00:00,0.011055956431762
2020-10-14 08:00:00,0.0605988512575228
2020-10-14 09:00:00,0.0611762221832475
2020-10-14 10:00:00,0.0100726967045857
2020-10-14 11:00:00,0.00980645083833487
2020-10-14 12:00:00,0.00841306470530778
2020-10-14 13:00:00,0.00374978078386601
2020-10-14 14:00:00,0.0874008691252808
2020-10-14 15:00:00,0.0902350120502664
2020-10-14 16:00:00,-0.09539659298001
2020-10-14 17:00:00,-0.0844436645226168
2020-10-14 18:00:00,-0.0379085543149849
2020-10-14 19:00:00,-0.0393589453153842
2020-10-14 20:00:00,-0.195037055458126
2020-10-14 21:00:00,-0.162441050930738
2020-10-14 22:00:00,-0.247235893159159
2020-10-14 23:00:00,-0.194221995331517
2020-10-15 00:00:00,-0.312313590771877
2020-10-15 01:00:00,-0.233131260830282
2020-10-15 02:00:00,0.0369060679290438
2020-10-15 03:00:00,0.0375863283046556
2020-10-15 04:00:00,-0.0295387819811204
2020-10-15 05:00:00,-0.0279406223694103
2020-10-15 06:00:00,0.0568604224698568
2020-10-15 07:00:00,0.0592183008055134
2020-10-15 08:00:00,0.290045824468059
2020-10-15 09:00:00,0.401795938329292
2020-10-15 10:00:00,0.344334774552204
2020-10-15 11:00:00,0.516241388865564
2020-10-15 12:00:00,0.108705634885773
2020-10-15 13:00:00,0.120811887914557
2020-10-15 14:00:00,-0.373264882117302
2020-10-15 15:00:00,-0.264728782531564
2020-10-15 16:00:00,0.100770282430863
2020-10-15 17:00:00,0.112455910564172
2020-10-15 18:00:00,-0.31774782525393
2020-10-15 19:00:00,-0.234686542947779
2020-10-15 20:00:00,0.0367304019021812
2020-10-15 21:00:00,0.0357269787128089
2020-10-15 22:00:00,-0.269327221696951
2020-10-15 23:00:00,-0.207936010086547
2020-10-16 00:00:00,0.0765478189279563
2020-10-16 01:00:00,0.0821047851137227
2020-10-16 02:00:00,-0.0247531613581948
2020-10-16 03:00:00,-0.0237071019775001
2020-10-16 04:00:00,0.0233706091080581
2020-10-16 05:00:00,0.0218317388085314
2020-10-16 06:00:00,0.0948618677488504
2020-10-16 07:00:00,0.103917961809792
2020-10-16 08:00:00,0.238500552437142
2020-10-16 09:00:00,0.30627540863026
2020-10-16 10:00:00,0.206035317291585
2020-10-16 11:00:00,0.254446695408515
2020-10-16 12:00:00,0.0344027511557865
2020-10-16 13:00:00,0.0298170550944787
2020-10-16 14:00:00,-0.506744472815579
2020-10-16 15:00:00,-0.330853998181082
2020-10-16 16:00:00,-0.175562434808924
2020-10-16 17:00:00,-0.146688184646683
2020-10-16 18:00:00,-0.12100181013313
2020-10-16 19:00:00,-0.105853619701943
2020-10-16 20:00:00,0.114451868543728
2020-10-16 21:00:00,0.126400122233528
2020-10-16 22:00:00,-0.136339002946793
2020-10-16 23:00:00,-0.118867536733115
2020-10-17 00:00:00,-0.128236391061787
2020-10-17 01:00:00,-0.110278681633284
2020-10-17 02:00:00,-0.0330742632162675
2020-10-17 03:00:00,-0.0313948853401946
2020-10-17 04:00:00,0.090517742624673
2020-10-17 05:00:00,0.09603048641425
2020-10-17 06:00:00,0.0877542545327632
2020-10-17 07:00:00,0.0932086384096582
2020-10-17 08:00:00,0.249076428190293
2020-10-17 09:00:00,0.321230264043203
2020-10-17 10:00:00,0.171965200965067
2020-10-17 11:00:00,0.201268797760671
2020-10-17 12:00:00,-0.208853526046475
2020-10-17 13:00:00,-0.166170809152328
2020-10-17 14:00:00,0.0251169326844138
2020-10-17 15:00:00,0.0261175855560811
2020-10-17 16:00:00,0.0252267599474738
2020-10-17 17:00:00,0.0249544163392947
2020-10-17 18:00:00,-0.146730037840735
2020-10-17 19:00:00,-0.124516481509037
2020-10-17 20:00:00,-0.0146321257411568
2020-10-17 21:00:00,-0.0143043987197853
2020-10-17 22:00:00,-0.0372593254279039
2020-10-17 23:00:00,-0.0349551577192386
2020-10-18 00:00:00,0.0709281580176704
2020-10-18 01:00:00,0.0730679568604415
2020-10-18 02:00:00,0.148719422255251
2020-10-18 03:00:00,0.170153268438499
2020-10-18 04:00:00,0.0111866785458954
2020-10-18 05:00:00,0.0105033032432509
2020-10-18 06:00:00,0.107720381579004
2020-10-18 07:00:00,0.117885265474509
2020-10-18 08:00:00,0.243173982459165
2020-10-18 09:00:00,0.313571448311983
2020-10-18 10:00:00,0.0520151896885199
2020-10-18 11:00:00,0.0537415807427344
2020-10-18 12:00:00,0.0668269183512153
2020-10-18 13:00:00,0.0692441846359459
2020-10-18 14:00:00,-0.361049149834345
2020-10-18 15:00:00,-0.259932582743435
2020-10-18 16:00:00,-0.0366395981551051
2020-10-18 17:00:00,-0.0336228547523874
2020-10-18 18:00:00,-0.124791377387096
2020-10-18 19:00:00,-0.107620289699961
2020-10-18 20:00:00,-0.270728312498079
2020-10-18 21:00:00,-0.20777235653448
2020-10-18 22:00:00,0.121058705126009
2020-10-18 23:00:00,0.133690634854336
2020-10-26 00:00:00,0.0899570376785768
2020-10-26 01:00:00,0.0944209240703717
2020-10-26 02:00:00,-0.121840196054553
2020-10-26 03:00:00,-0.105376785716357
2020-10-26 04:00:00,0.0321621491805644
2020-10-26 05:00:00,0.0319652284329912
2020-10-26 06:00:00,0.0171060303957162
2020-10-26 07:00:00,0.0163816084946014
2020-10-26 08:00:00,-0.0372913354156452
2020-10-26 09:00:00,-0.0335624287609324
2020-10-26 10:00:00,0.0970078039887579
2020-10-26 11:00:00,0.104719310592538
2020-10-26 12:00:00,0.13459327697892
2020-10-26 13:00:00,0.150996158566929
2020-10-26 14:00:00,-0.0718958584666218
2020-10-26 15:00:00,-0.0626807357817221
2020-10-26 16:00:00,0.0251718385646242
2020-10-26 17:00:00,0.0247500017241116
2020-10-26 18:00:00,0.00819907519453977
2020-10-26 19:00:00,0.00825481878314172
2020-10-26 20:00:00,-0.0189884124959381
2020-10-26 21:00:00,-0.0163887171342374
2020-10-26 22:00:00,0.0460848864724266
2020-10-26 23:00:00,0.0455133438990156
2020-10-27 00:00:00,0.0714464452039767
2020-10-27 01:00:00,0.0743236087917261
2020-10-27 02:00:00,0.0966525749359874
2020-10-27 03:00:00,0.102075434390292
2020-10-27 04:00:00,-0.0600906560969534
2020-10-27 05:00:00,-0.0534999002786414
2020-10-27 06:00:00,0.0685810780923841
2020-10-27 07:00:00,0.0699416601593494
2020-10-27 08:00:00,0.26595239025259
2020-10-27 09:00:00,0.344673310269312
2020-10-27 10:00:00,0.208730036514485
2020-10-27 11:00:00,0.252612138211668
2020-10-27 12:00:00,0.042476569012579
2020-10-27 13:00:00,0.0424265319900048
2020-10-27 14:00:00,-0.263615283134423
2020-10-27 15:00:00,-0.196576510776634
2020-10-27 16:00:00,-0.0405222738844824
2020-10-27 17:00:00,-0.0357001323596648
2020-10-27 18:00:00,-0.0607396934573607
2020-10-27 19:00:00,-0.0544409505385861
2020-10-27 20:00:00,-0.00186023781730249
2020-10-27 21:00:00,-0.00140554616441868
2020-10-27 22:00:00,0.0640506517996506
2020-10-27 23:00:00,0.0658496350891316
2020-10-28 00:00:00,-0.00879556122291625
2020-10-28 01:00:00,-0.00524727337648834
2020-10-28 02:00:00,0.0277158434618539
2020-10-28 03:00:00,0.0265005390461042
2020-10-28 04:00:00,0.0886061814664387
2020-10-28 05:00:00,0.0925613799623104
2020-10-28 06:00:00,0.0258609073905109
2020-10-28 07:00:00,0.0235059367391965
2020-10-28 08:00:00,0.255322401268409
2020-10-28 09:00:00,0.326119786766464
2020-10-28 10:00:00,0.1605174369444
2020-10-28 11:00:00,0.179293069431649
2020-10-28 12:00:00,0.0657733333394557
2020-10-28 13:00:00,0.0634419805231099
2020-10-28 14:00:00,-0.172819848073819
2020-10-28 15:00:00,-0.139024205860955
2020-10-28 16:00:00,-0.0298640512522566
2020-10-28 17:00:00,-0.0223352792394635
2020-10-28 18:00:00,-0.0375963437887803
2020-10-28 19:00:00,-0.0332396242494042
2020-10-28 20:00:00,-0.0505981249895529
2020-10-28 21:00:00,-0.0451964818738517
2020-10-28 22:00:00,0.0820452544852674
2020-10-28 23:00:00,0.0863264399691097
2020-10-29 00:00:00,0.0399983765188257
2020-10-29 01:00:00,0.0404591484336496
2020-10-29 02:00:00,-0.075272808218287
2020-10-29 03:00:00,-0.0665686611232434
2020-10-29 04:00:00,-0.0775376786153128
2020-10-29 05:00:00,-0.0694086267876788
2020-10-29 06:00:00,0.129408191315738
2020-10-29 07:00:00,0.138553983621845
2020-10-29 08:00:00,0.152783975496862
2020-10-29 09:00:00,0.173848617609149
2020-10-29 10:00:00,0.143683157960386
2020-10-29 11:00:00,0.1609114647074
2020-10-29 12:00:00,-0.29290592085309
2020-10-29 13:00:00,-0.212270315569586
2020-10-29 14:00:00,-0.0266822723920175
2020-10-29 15:00:00,-0.0253084600209572
2020-10-29 16:00:00,-0.027943758825959
2020-10-29 17:00:00,-0.0261459665780137
2020-10-29 18:00:00,0.0469830548936994
2020-10-29 19:00:00,0.0469819639431623
2020-10-29 20:00:00,-0.055253400858355
2020-10-29 21:00:00,-0.050070537530047
2020-10-29 22:00:00,0.0012563349903143
2020-10-29 23:00:00,0.0018936675433352
2020-10-30 00:00:00,-0.0378696531439182
2020-10-30 01:00:00,-0.0325456936895758
2020-10-30 02:00:00,-0.0554167128045204
2020-10-30 03:00:00,-0.0491155740163585
2020-10-30 04:00:00,0.146857692303438
2020-10-30 05:00:00,0.161509260275675
2020-10-30 06:00:00,0.043835248858743
2020-10-30 07:00:00,0.0432384150521106
2020-10-30 08:00:00,0.349831931057166
2020-10-30 09:00:00,0.500555251293967
2020-10-30 10:00:00,-0.0613894182476491
2020-10-30 11:00:00,-0.0530451346796825
2020-10-30 12:00:00,-0.0979744512740659
2020-10-30 13:00:00,-0.0825947009568804
2020-10-30 14:00:00,-0.114463374872724
2020-10-30 15:00:00,-0.0941316066168412
2020-10-30 16:00:00,-0.105080229577334
2020-10-30 17:00:00,-0.0889769990708054
2020-10-30 18:00:00,0.0183433535738988
2020-10-30 19:00:00,0.0176259234053102
2020-10-30 20:00:00,0.117431017308668
2020-10-30 21:00:00,0.124443203068624
2020-10-30 22:00:00,-0.231179312177977
2020-10-30 23:00:00,-0.175886053090737
2020-10-31 00:00:00,0.26608751129681
2020-10-31 01:00:00,0.343274940922557
2020-10-31 02:00:00,0.0469463169915869
2020-10-31 03:00:00,0.0465868223794796
2020-10-31 04:00:00,-0.0243276065347775
2020-10-31 05:00:00,-0.0220847888673017
2020-10-31 06:00:00,-0.0366022147480773
2020-10-31 07:00:00,-0.0308188176182753
2020-10-31 08:00:00,0.185221648864763
2020-10-31 09:00:00,0.215944808850695
2020-10-31 10:00:00,0.112518980277072
2020-10-31 11:00:00,0.124406833575099
2020-10-31 12:00:00,-0.13301401230787
2020-10-31 13:00:00,-0.107479377840983
2020-10-31 14:00:00,-0.312647418970275
2020-10-31 15:00:00,-0.220566485078443
2020-10-31 16:00:00,-0.0762664820421985
2020-10-31 17:00:00,-0.0647313237645495
2020-10-31 18:00:00,0.116610079110993
2020-10-31 19:00:00,0.122709371101127
2020-10-31 20:00:00,0.14298077598524
2020-10-31 21:00:00,0.155345143139693
2020-10-31 22:00:00,0.240364645567011
2020-10-31 23:00:00,0.291740839297853
