time,"(0.0997, 0.109]","(0.109, 0.119]","(0.119, 0.13]","(0.13, 0.142]","(0.142, 0.156]","(0.156, 0.17]","(0.17, 0.186]","(0.186, 0.203]","(0.203, 0.222]","(0.222, 0.243]","(0.243, 0.265]","(0.265, 0.29]","(0.29, 0.317]","(0.317, 0.346]","(0.346, 0.378]","(0.378, 0.414]","(0.414, 0.452]","(0.452, 0.494]","(0.494, 0.54]","(0.54, 0.59]","(0.59, 0.645]","(0.645, 0.705]","(0.705, 0.771]","(0.771, 0.842]","(0.842, 0.921]","(0.921, 1.006]","(1.006, 1.1]","(1.1, 1.202]","(1.202, 1.314]","(1.314, 1.436]"
2019-11-08 12:00:00,1,2,1,4,6,8,5,6,18,22,45,62,106,178,278,364,476,586,750,876,1028,1161,1355,1570,1526,1331,889,462,186,75
2019-11-08 13:00:00,0,1,1,2,4,4,2,4,11,15,28,44,67,122,200,289,384,506,598,738,863,956,1119,1316,1366,1308,976,568,224,97
2019-11-08 14:00:00,0,0,1,0,2,1,0,2,4,8,11,26,28,66,121,213,292,425,446,599,698,752,883,1061,1206,1284,1062,675,263,119
2019-11-08 15:00:00,0,0,2,0,2,2,3,2,4,12,18,32,49,99,168,250,351,434,437,552,616,638,738,938,1136,1264,1112,785,324,116
2019-11-08 16:00:00,1,0,2,1,1,2,6,3,5,16,24,37,70,132,215,286,410,442,428,505,535,524,593,814,1067,1245,1163,895,384,112
2019-11-08 17:00:00,0,0,2,1,2,2,8,8,15,42,68,96,160,232,326,392,470,476,474,498,482,496,602,857,1154,1300,1206,868,330,100
2019-11-08 18:00:00,0,0,1,1,3,2,9,13,25,68,111,156,251,333,438,498,529,510,519,490,428,467,610,900,1241,1355,1248,840,276,87
2019-11-08 19:00:00,0,1,2,2,2,6,16,19,42,87,140,210,300,394,496,536,582,530,556,522,504,575,802,1135,1465,1418,1200,696,220,61
2019-11-08 20:00:00,0,2,4,2,2,9,24,25,59,106,168,263,349,456,553,574,636,549,592,554,581,683,993,1370,1689,1482,1153,553,165,35
2019-11-08 21:00:00,0,2,5,4,7,8,24,27,70,117,184,271,372,466,544,620,648,621,704,713,813,1014,1301,1482,1567,1262,901,428,127,28
2019-11-08 22:00:00,1,1,6,6,12,8,24,29,80,128,199,279,396,477,536,665,661,693,817,872,1045,1346,1609,1593,1445,1042,649,303,89,20
2019-11-08 23:00:00,0,2,4,5,8,11,21,30,67,123,192,286,406,489,556,659,724,794,935,1071,1254,1448,1636,1568,1310,857,502,252,84,22
2019-11-09 00:00:00,0,2,2,4,3,14,18,31,54,118,186,292,417,501,575,653,786,896,1053,1270,1462,1550,1662,1542,1175,672,355,202,79,25
2019-11-09 01:00:00,0,2,2,3,6,14,16,30,60,110,188,304,415,497,607,704,828,985,1149,1344,1520,1568,1614,1466,1084,621,314,183,76,20
2019-11-09 02:00:00,1,2,3,2,9,15,15,29,65,101,190,315,413,493,639,754,871,1074,1245,1419,1578,1587,1565,1391,992,570,274,164,73,16
2019-11-09 03:00:00,2,2,2,3,8,12,16,33,66,116,198,323,399,510,632,736,888,1083,1258,1408,1546,1524,1506,1292,860,507,259,142,68,15
2019-11-09 04:00:00,3,3,2,4,8,10,18,37,66,130,207,331,385,526,626,717,904,1092,1271,1397,1515,1461,1447,1192,727,444,244,121,62,14
2019-11-09 05:00:00,2,3,2,2,8,8,14,36,69,132,212,309,395,544,629,749,911,1072,1238,1410,1530,1462,1384,1121,716,419,246,125,56,12
2019-11-09 06:00:00,1,3,2,0,8,7,10,35,72,133,218,287,405,563,632,781,918,1051,1205,1422,1544,1462,1322,1050,705,394,247,129,51,10
2019-11-09 07:00:00,0,2,2,0,6,6,12,38,54,120,198,292,401,548,614,761,918,1094,1261,1452,1565,1578,1482,1248,861,512,302,139,58,15
2019-11-09 08:00:00,0,1,2,1,5,5,15,41,37,108,177,297,397,534,597,741,918,1136,1317,1483,1586,1695,1642,1446,1017,629,358,149,66,20
2019-11-09 09:00:00,0,1,2,2,4,3,9,22,26,68,112,198,276,390,454,588,728,902,1042,1197,1368,1498,1524,1426,1126,768,413,184,91,28
2019-11-09 10:00:00,0,1,1,3,2,1,3,4,14,28,46,100,155,245,312,436,539,667,766,911,1149,1300,1405,1405,1235,907,468,218,116,37
2019-11-09 11:00:00,0,0,1,2,1,1,2,4,10,18,32,71,114,187,266,388,482,605,710,876,1041,1250,1384,1430,1366,1055,648,311,145,60
2019-11-09 12:00:00,0,0,1,1,0,1,1,4,5,8,18,42,72,129,219,340,426,543,655,840,933,1200,1364,1454,1497,1203,827,404,174,82
2019-11-09 13:00:00,0,0,0,0,0,2,2,2,4,6,14,30,48,84,154,240,324,418,516,650,770,918,1020,1153,1246,1076,833,440,185,81
2019-11-09 14:00:00,0,0,0,0,0,3,2,1,2,5,10,17,25,40,89,140,222,294,378,461,606,637,676,852,994,950,839,477,196,80
2019-11-09 15:00:00,0,0,0,0,0,2,2,2,3,6,11,24,32,68,112,159,249,296,356,401,463,492,534,680,834,918,808,520,242,82
2019-11-09 16:00:00,0,0,0,0,0,1,1,4,4,7,12,30,40,95,135,178,276,297,335,341,320,346,393,508,674,887,777,563,288,84
2019-11-09 17:00:00,0,0,0,0,0,2,2,8,9,18,27,60,90,160,195,248,314,348,363,350,314,312,384,524,762,908,868,626,281,72
2019-11-09 18:00:00,1,0,1,1,1,2,3,11,14,28,42,89,140,224,255,317,353,399,391,360,309,277,374,540,849,930,960,688,274,59
2019-11-09 19:00:00,0,1,2,0,3,2,10,17,25,62,76,142,216,287,340,398,434,484,472,422,380,407,613,850,1130,1076,947,581,206,49
2019-11-09 20:00:00,0,2,2,0,5,3,17,23,36,95,109,194,293,350,425,480,514,568,552,484,451,537,852,1159,1411,1223,934,474,137,39
2019-11-09 21:00:00,0,1,2,0,6,4,14,20,40,89,118,200,282,346,444,482,529,577,588,598,614,754,1033,1220,1307,1032,722,347,107,30
2019-11-09 22:00:00,0,0,1,1,7,5,12,16,44,83,127,206,270,342,463,483,544,586,625,713,777,971,1214,1282,1203,841,509,220,77,21
2019-11-09 23:00:00,2,0,2,1,6,5,12,22,50,80,124,192,278,344,440,474,549,614,714,790,875,1046,1223,1202,1027,689,396,188,68,15
2019-11-10 00:00:00,3,0,2,1,6,5,11,27,57,77,120,179,285,347,417,464,554,641,803,866,973,1120,1232,1122,851,537,283,157,58,9
2019-11-10 01:00:00,2,1,2,2,4,6,14,28,52,82,128,198,292,364,428,486,610,691,848,958,1051,1165,1190,1061,779,456,278,156,48,10
2019-11-10 02:00:00,0,2,1,4,1,7,17,29,46,86,136,218,300,382,439,507,666,741,894,1049,1129,1210,1149,1000,707,375,273,156,38,12
2019-11-10 03:00:00,0,2,1,4,2,8,16,24,46,79,129,218,281,373,441,526,642,732,899,1038,1119,1171,1130,972,674,360,254,138,45,12
2019-11-10 04:00:00,0,1,1,3,3,10,16,20,47,72,122,217,262,364,443,545,619,723,904,1028,1109,1132,1111,943,642,345,234,119,52,11
2019-11-10 05:00:00,0,0,2,2,4,9,18,24,46,80,134,204,270,354,426,512,602,687,863,973,1016,1038,1008,808,521,306,192,100,37,12
2019-11-10 06:00:00,0,0,3,2,6,8,19,28,44,88,147,191,279,344,408,478,585,651,822,918,924,944,906,672,400,266,150,80,22,13
2019-11-10 07:00:00,1,0,2,2,4,6,16,24,37,70,134,188,257,324,396,468,544,642,806,920,968,947,945,752,461,296,162,84,32,10
2019-11-10 08:00:00,2,1,1,3,3,5,12,21,30,52,121,185,235,303,383,459,503,632,790,923,1012,950,984,832,522,326,174,88,42,8
2019-11-10 09:00:00,1,1,2,4,2,3,10,14,25,40,82,130,180,235,320,378,452,544,679,832,948,924,1005,903,686,451,228,112,56,14
2019-11-10 10:00:00,0,1,2,4,1,1,8,6,20,29,42,74,126,167,256,298,401,456,568,742,883,897,1026,974,850,576,283,135,70,19
2019-11-10 11:00:00,0,1,1,3,2,1,4,4,11,17,28,48,92,123,204,268,363,424,529,700,836,900,1043,1092,1056,858,489,250,114,41
2019-11-10 12:00:00,1,1,0,2,4,1,1,2,2,5,13,23,57,79,152,238,325,391,490,657,788,902,1060,1209,1262,1139,695,366,159,63
2019-11-10 13:00:00,1,2,0,3,2,1,2,1,2,6,9,17,38,60,107,177,260,338,451,576,686,826,946,1090,1208,1121,830,460,195,76
2019-11-10 14:00:00,1,2,0,4,0,1,2,0,2,6,5,11,20,40,62,116,195,286,412,495,584,750,831,972,1154,1103,965,554,231,90
2019-11-10 15:00:00,1,1,0,2,0,1,3,3,2,7,14,34,55,102,156,223,304,372,469,525,564,653,760,970,1168,1198,1024,641,253,89
2019-11-10 16:00:00,1,0,0,1,1,1,4,6,3,8,24,58,90,163,249,330,413,459,526,555,543,556,689,967,1181,1294,1084,728,275,88
2019-11-10 17:00:00,1,0,0,2,2,5,6,12,30,38,86,117,178,240,302,362,451,452,497,500,443,528,712,1006,1159,1212,958,554,195,64
2019-11-10 18:00:00,1,1,1,2,2,9,9,19,56,69,148,176,266,317,354,394,489,445,468,446,343,501,735,1044,1137,1130,831,381,115,40
2019-11-10 19:00:00,1,0,2,2,2,10,18,36,67,110,180,218,301,368,426,448,495,488,500,490,532,700,912,1104,1108,948,625,282,87,26
2019-11-10 20:00:00,1,0,3,3,3,12,28,52,78,151,211,260,336,419,498,501,501,531,533,534,722,900,1088,1163,1079,765,419,184,59,11
2019-11-10 21:00:00,0,1,2,4,4,12,22,47,78,140,207,265,326,438,478,512,518,578,636,690,871,1058,1169,1129,952,631,348,152,52,10
2019-11-10 22:00:00,0,2,2,4,5,12,16,42,78,128,203,270,317,458,459,524,535,624,740,845,1020,1217,1250,1095,824,497,276,119,45,10
2019-11-10 23:00:00,0,3,2,8,7,15,25,55,88,152,227,298,364,466,506,576,653,767,901,1008,1144,1314,1282,1061,740,440,249,114,46,8
2019-11-11 00:00:00,0,4,3,11,9,18,34,68,99,176,251,327,412,475,553,629,771,910,1062,1172,1267,1410,1313,1027,655,384,222,110,46,5
2019-11-11 01:00:00,1,2,4,10,9,16,30,58,90,156,226,320,385,464,542,648,742,866,1018,1147,1202,1298,1168,934,589,333,194,108,40,7
2019-11-11 02:00:00,2,1,4,9,9,14,27,49,80,136,201,313,358,452,530,668,714,822,975,1122,1137,1185,1024,840,523,282,167,106,34,9
2019-11-11 03:00:00,2,1,2,8,9,14,24,53,76,136,210,307,378,478,568,676,762,903,1032,1170,1210,1242,1116,834,530,315,177,106,36,8
2019-11-11 04:00:00,1,1,1,7,9,13,21,57,72,137,219,301,399,504,606,684,811,984,1089,1217,1284,1300,1207,829,537,348,187,107,38,6
2019-11-11 05:00:00,0,0,2,5,12,16,21,56,74,134,204,287,357,430,558,604,726,868,934,1036,1105,1084,1000,702,436,282,150,78,28,8
2019-11-11 06:00:00,0,0,2,3,14,20,21,56,77,132,189,273,315,356,511,523,642,752,779,856,926,869,793,575,334,216,113,50,17,9
2019-11-11 07:00:00,0,0,3,4,10,14,14,36,58,93,140,212,251,290,392,419,522,618,646,740,818,830,758,601,384,248,117,62,15,7
2019-11-11 08:00:00,1,1,4,6,6,8,8,16,40,54,90,150,187,224,273,315,401,484,514,625,709,791,722,627,433,280,121,74,13,5
2019-11-11 09:00:00,2,0,2,4,4,6,6,11,26,34,62,108,142,178,206,256,315,388,417,502,587,636,656,597,461,332,163,84,32,6
2019-11-11 10:00:00,2,0,0,2,3,3,3,6,13,14,33,65,98,133,140,197,229,291,320,379,465,482,591,567,489,384,205,94,51,6
2019-11-11 11:00:00,2,0,0,2,2,2,4,4,14,10,20,42,69,92,101,148,176,222,236,300,358,396,477,488,450,385,252,117,46,13
2019-11-11 12:00:00,1,0,0,1,1,1,4,3,14,7,7,20,40,50,62,99,122,153,153,221,252,309,363,410,410,386,298,140,40,20
2019-11-11 13:00:00,1,2,0,2,1,2,3,4,10,6,6,20,32,42,62,91,118,152,156,222,248,294,351,426,439,434,359,192,78,34
2019-11-11 14:00:00,1,3,1,3,1,2,2,4,7,5,4,19,24,34,62,83,113,152,160,222,244,278,339,443,468,482,420,245,115,49
2019-11-11 15:00:00,0,2,1,2,4,3,4,5,8,6,5,15,25,32,44,69,88,114,126,164,188,206,245,320,360,395,349,222,96,42
2019-11-11 16:00:00,0,2,1,0,6,4,6,6,9,7,6,11,26,29,25,55,63,75,91,105,133,133,151,196,253,308,278,200,76,34
2019-11-11 17:00:00,0,1,1,0,4,2,5,8,7,7,8,15,24,30,30,51,62,80,84,96,102,104,125,158,221,258,232,170,68,29
2019-11-11 18:00:00,1,0,1,0,2,1,4,11,5,7,11,19,23,30,35,47,62,84,77,87,71,75,99,120,189,208,185,140,59,24
2019-11-11 19:00:00,2,1,0,1,2,1,4,10,10,13,20,27,41,54,70,75,102,104,104,118,118,114,148,192,254,282,222,144,64,20
2019-11-11 20:00:00,2,2,0,2,2,1,4,8,14,19,30,35,59,77,104,103,141,123,132,150,164,153,198,264,320,355,259,147,70,17
2019-11-11 21:00:00,2,1,0,2,2,2,2,6,12,16,24,30,46,56,76,82,110,103,104,118,128,120,158,202,251,262,190,111,47,10
2019-11-11 22:00:00,2,0,0,1,2,4,1,5,10,13,19,26,32,34,47,61,78,83,77,86,93,87,117,140,182,169,121,75,24,3
2019-11-11 23:00:00,2,0,1,1,2,4,2,4,8,16,16,27,40,41,58,68,92,90,90,99,112,109,141,156,168,142,92,57,20,4
2019-11-12 00:00:00,2,0,2,1,3,5,4,4,7,18,14,28,47,48,68,76,105,96,102,112,132,131,165,171,153,114,64,39,16,5
2019-11-12 01:00:00,1,0,3,2,4,4,4,6,12,16,24,46,66,83,100,122,147,155,175,198,218,244,261,239,188,122,74,38,18,4
2019-11-12 02:00:00,0,1,4,2,6,3,5,7,17,14,35,63,85,118,133,167,189,214,248,283,305,357,357,307,224,129,84,37,19,2
2019-11-12 03:00:00,0,1,2,1,5,4,4,12,21,28,52,79,104,140,170,208,234,284,322,361,377,405,398,347,245,142,88,42,19,2
2019-11-12 04:00:00,0,1,1,0,4,5,4,16,25,42,68,95,122,162,207,249,279,355,397,439,449,453,438,387,266,154,91,47,19,3
2019-11-12 05:00:00,1,0,2,2,4,4,4,19,26,44,68,92,146,163,210,250,284,365,388,439,468,478,428,349,236,145,78,42,18,2
2019-11-12 06:00:00,2,0,3,5,4,4,5,22,26,45,67,89,170,164,213,252,290,375,379,439,488,503,419,311,207,136,64,36,17,1
2019-11-12 07:00:00,2,0,2,4,4,4,8,16,34,49,74,108,166,194,238,290,346,414,474,524,567,591,518,410,276,170,82,52,21,4
2019-11-12 08:00:00,3,0,2,4,3,4,10,9,43,53,81,126,163,223,264,329,401,452,569,608,646,679,618,508,346,203,99,68,25,6
2019-11-12 09:00:00,2,0,2,2,2,4,8,8,29,42,65,99,124,171,229,295,341,410,512,568,615,672,614,552,406,256,128,76,33,10
2019-11-12 10:00:00,1,1,3,1,2,5,5,7,15,31,49,72,84,119,194,261,281,367,456,527,584,666,609,597,467,310,158,85,41,13
2019-11-12 11:00:00,0,0,2,0,2,2,3,4,9,22,33,52,72,102,152,212,246,304,376,462,522,584,539,560,452,312,174,94,42,12
2019-11-12 12:00:00,0,0,0,0,1,0,1,2,3,14,17,32,61,84,110,164,212,242,296,397,461,503,469,523,436,315,191,103,44,11
2019-11-12 13:00:00,0,0,0,0,0,2,2,3,3,10,13,24,48,76,110,162,203,236,294,374,416,478,498,544,472,373,221,117,58,19
2019-11-12 14:00:00,1,0,0,0,0,3,3,4,3,7,9,15,35,67,110,160,194,229,293,351,370,453,527,565,507,431,251,131,71,27
2019-11-12 15:00:00,0,0,0,0,0,2,2,4,4,6,8,13,28,51,84,132,174,199,255,302,350,416,462,538,534,466,351,180,84,28
2019-11-12 16:00:00,0,1,1,1,0,1,2,3,5,5,8,11,21,35,57,105,153,169,217,253,331,380,398,510,561,501,451,229,97,30
2019-11-12 17:00:00,0,1,2,1,0,2,1,2,5,8,10,18,30,72,78,128,164,183,205,243,278,326,364,472,520,465,386,194,78,22
2019-11-12 18:00:00,1,1,2,1,0,3,0,2,5,11,11,25,40,110,98,151,174,197,193,233,224,273,331,435,480,429,321,159,58,13
2019-11-12 19:00:00,1,0,1,2,0,2,2,6,12,20,36,42,71,123,138,172,181,222,220,238,241,286,383,464,512,444,299,144,54,15
2019-11-12 20:00:00,1,0,0,3,1,2,4,11,19,28,61,58,102,136,178,193,188,248,247,244,258,299,435,494,545,460,277,128,50,17
2019-11-12 21:00:00,1,0,0,2,2,3,7,16,19,40,62,80,122,146,196,203,226,251,254,263,290,346,466,534,552,447,264,115,41,16
2019-11-12 22:00:00,1,0,0,0,2,4,10,21,19,52,64,102,143,155,213,213,264,254,261,282,322,394,496,575,560,434,250,102,32,14
2019-11-12 23:00:00,2,0,0,0,3,6,8,15,20,42,61,98,146,168,202,215,256,276,279,290,364,440,528,572,511,362,202,88,30,10
2019-11-13 00:00:00,2,0,0,1,4,8,5,9,22,32,58,93,150,180,192,217,247,299,297,298,406,485,560,568,462,291,155,75,29,5
2019-11-13 01:00:00,1,1,0,1,3,5,10,17,26,45,65,96,151,178,195,238,259,310,339,356,435,492,559,526,421,242,128,66,25,4
2019-11-13 02:00:00,0,2,1,1,2,2,16,25,29,58,72,98,152,177,198,260,271,320,381,415,464,500,558,485,380,194,102,57,21,3
2019-11-13 03:00:00,0,2,0,3,2,4,11,20,29,56,74,96,136,169,193,256,269,328,375,386,467,461,498,408,315,172,86,46,17,3
2019-11-13 04:00:00,0,2,0,5,2,7,6,14,29,53,75,93,119,161,188,253,267,335,369,358,470,422,438,331,250,150,69,36,13,3
2019-11-13 05:00:00,0,2,1,2,2,4,5,14,29,42,66,100,128,150,192,240,282,338,380,399,472,415,418,342,252,152,75,32,10,2
2019-11-13 06:00:00,0,1,2,0,1,1,4,13,29,30,57,107,136,140,196,228,296,341,390,440,473,408,399,354,253,153,81,28,8,2
2019-11-13 07:00:00,0,0,1,0,2,2,4,14,22,28,56,103,134,154,210,233,292,348,426,484,507,484,486,423,292,182,98,38,10,4
2019-11-13 08:00:00,0,0,0,1,3,3,5,15,15,26,56,99,132,169,223,238,287,354,461,527,541,561,572,492,331,212,114,48,12,7
2019-11-13 09:00:00,0,0,0,2,2,4,4,13,10,22,49,80,106,134,196,220,266,317,408,474,531,550,562,528,389,244,134,61,23,9
2019-11-13 10:00:00,1,1,0,2,2,6,3,11,6,17,42,60,79,99,169,201,246,280,354,421,521,538,551,563,447,275,155,74,34,11
2019-11-13 11:00:00,1,1,1,2,2,5,2,9,5,14,34,47,62,84,138,168,208,248,312,376,453,487,507,531,455,314,199,98,45,17
2019-11-13 12:00:00,0,0,2,1,2,4,2,6,4,12,25,34,45,68,106,135,170,216,269,331,386,436,464,500,462,352,242,123,56,22
2019-11-13 13:00:00,0,0,2,0,1,2,2,4,3,10,16,20,28,53,74,102,133,183,226,286,318,386,420,468,470,391,286,148,68,28
2019-11-13 14:00:00,0,0,3,0,1,1,1,2,2,7,8,7,11,38,43,69,95,151,184,241,250,335,376,436,478,430,330,172,79,34
2019-11-13 15:00:00,1,2,2,0,2,1,4,3,4,8,9,10,14,30,37,68,89,133,170,198,232,316,349,401,432,407,314,170,74,30
2019-11-13 16:00:00,2,4,2,1,2,1,6,4,5,9,10,12,17,23,31,67,83,115,155,155,215,298,322,366,386,384,298,167,69,25
2019-11-13 17:00:00,1,2,2,1,1,1,4,4,4,8,9,18,31,44,58,99,124,132,160,182,218,273,328,408,452,437,342,189,74,26
2019-11-13 18:00:00,0,0,1,1,0,1,2,3,3,6,8,25,45,65,84,131,164,150,166,209,222,248,333,450,518,490,387,211,79,28
2019-11-13 19:00:00,0,1,0,2,0,2,2,3,6,12,22,38,64,82,120,158,166,181,191,208,216,270,366,474,523,524,368,190,75,26
2019-11-13 20:00:00,0,2,0,2,1,4,2,3,8,17,37,51,83,98,157,185,167,212,216,207,211,291,398,497,528,557,350,170,71,25
2019-11-13 21:00:00,0,1,0,2,1,3,3,4,8,21,34,68,108,138,184,217,217,250,250,276,278,377,509,634,668,591,358,166,71,18
2019-11-13 22:00:00,0,0,0,1,1,2,4,6,7,25,32,84,133,177,210,249,267,287,285,344,346,463,620,770,809,625,366,163,71,11
2019-11-13 23:00:00,0,0,0,1,2,2,2,7,10,26,39,86,130,170,203,250,260,270,315,372,414,512,653,762,722,529,296,128,48,10
2019-11-14 00:00:00,0,0,1,1,2,1,1,8,14,27,46,88,126,163,196,250,252,253,345,401,482,562,686,754,634,433,227,93,24,9
2019-11-14 01:00:00,0,1,0,1,2,3,6,7,14,26,52,100,132,176,219,260,274,282,376,476,522,594,672,666,526,332,174,82,20,8
2019-11-14 02:00:00,1,2,0,1,1,5,10,6,13,25,58,112,137,189,242,270,296,312,407,551,561,625,658,577,417,230,121,70,17,8
2019-11-14 03:00:00,0,1,0,1,1,4,8,8,14,34,60,101,135,183,247,278,317,365,444,542,569,658,649,570,418,228,126,60,16,8
2019-11-14 04:00:00,0,0,0,1,1,2,6,10,14,43,61,90,133,177,252,286,338,418,482,533,577,690,640,562,419,225,131,50,15,7
2019-11-14 05:00:00,0,0,0,1,2,2,4,10,20,40,62,105,152,208,263,307,377,482,563,625,675,736,728,600,424,236,131,54,17,6
2019-11-14 06:00:00,0,0,1,1,3,2,2,11,26,36,62,120,172,238,274,328,416,547,644,717,773,782,816,637,430,248,131,58,19,6
2019-11-14 07:00:00,0,0,0,1,4,4,6,8,24,40,64,116,169,234,284,342,427,537,639,730,775,782,771,596,396,223,118,52,18,8
2019-11-14 08:00:00,1,0,0,1,4,7,9,4,23,43,66,111,166,231,293,355,438,527,634,744,777,783,726,556,363,198,104,47,17,9
2019-11-14 09:00:00,1,0,0,1,4,6,8,5,22,38,63,106,161,233,297,372,460,581,699,834,894,917,846,684,460,249,130,62,24,10
2019-11-14 10:00:00,1,0,0,1,4,6,6,6,20,34,60,101,157,234,300,388,481,635,764,924,1012,1051,967,812,558,300,155,77,32,11
2019-11-14 11:00:00,1,0,0,1,3,5,5,7,19,29,57,96,152,236,304,405,502,689,829,1014,1129,1185,1088,939,656,351,181,92,40,12
2019-11-14 12:00:00,1,0,0,2,3,4,4,8,18,24,54,90,148,238,308,422,524,742,894,1104,1246,1320,1208,1067,753,402,206,106,47,13
2019-11-14 13:00:00,3,4,3,4,8,5,8,9,20,27,48,83,135,226,300,395,498,708,859,1096,1248,1347,1312,1166,860,502,265,139,54,20
2019-11-14 14:00:00,5,7,6,6,12,6,13,11,23,30,43,76,123,214,292,368,473,673,824,1088,1250,1374,1417,1265,968,602,324,171,62,26
2019-11-14 15:00:00,4,6,4,4,8,6,9,10,19,23,38,64,112,180,258,316,440,577,712,962,1109,1248,1292,1213,939,632,334,168,62,24
2019-11-14 16:00:00,2,5,1,3,4,7,5,9,15,16,34,51,102,145,223,264,408,481,599,837,968,1123,1167,1161,910,661,343,164,62,22
2019-11-14 17:00:00,2,4,3,3,4,6,5,10,14,23,44,66,116,165,221,272,402,481,574,786,908,1046,1108,1084,881,612,326,156,64,18
2019-11-14 18:00:00,2,3,5,3,3,6,5,12,12,30,54,82,130,185,219,279,396,481,548,735,849,970,1049,1008,852,564,310,149,66,15
2019-11-14 19:00:00,2,2,2,2,3,6,4,10,16,32,49,86,133,187,230,294,396,469,582,725,860,946,1022,935,740,486,255,134,59,14
2019-11-14 20:00:00,1,1,0,1,3,7,3,8,20,33,44,89,136,189,241,309,396,457,615,715,871,921,995,862,629,409,200,118,52,12
2019-11-14 21:00:00,2,2,1,1,4,6,6,6,14,26,40,82,125,170,234,307,376,430,579,686,812,899,974,828,631,401,188,102,48,12
2019-11-14 22:00:00,2,3,2,1,4,4,8,5,7,20,37,74,114,152,228,305,356,403,543,658,754,877,954,795,633,393,176,87,43,13
2019-11-14 23:00:00,2,3,2,2,3,4,8,6,11,20,44,73,100,152,211,283,346,414,524,674,726,881,912,772,594,361,168,88,46,12
2019-11-15 00:00:00,3,3,1,3,2,4,8,7,15,19,52,72,86,152,194,261,335,424,506,689,697,885,870,748,554,329,159,90,48,10
2019-11-15 01:00:00,2,2,2,4,5,6,6,6,12,18,48,69,102,162,214,266,346,451,556,718,787,906,908,772,552,360,173,87,54,12
2019-11-15 02:00:00,1,1,3,4,8,7,5,5,9,16,44,66,117,173,234,272,358,478,606,746,877,927,947,796,551,391,187,84,61,14
2019-11-15 03:00:00,1,2,4,4,6,5,5,6,10,16,36,67,114,156,232,272,353,484,599,724,861,918,922,790,540,344,180,87,48,12
2019-11-15 04:00:00,1,3,5,3,3,3,5,6,10,15,29,68,111,139,230,272,348,490,592,702,845,908,896,785,530,296,172,90,35,9
2019-11-15 05:00:00,1,2,4,3,3,2,3,8,16,25,40,72,103,148,240,267,364,476,566,700,837,886,870,754,516,293,163,98,41,9
2019-11-15 06:00:00,1,2,2,3,3,2,1,10,21,35,51,75,95,157,250,262,379,463,539,698,829,863,844,722,502,290,154,105,47,9
2019-11-15 07:00:00,1,4,2,4,2,3,0,8,14,28,42,66,96,149,229,248,358,426,534,668,782,866,835,758,534,306,174,107,48,12
2019-11-15 08:00:00,1,6,1,5,2,4,0,5,8,21,34,57,96,141,208,235,338,388,529,637,734,869,826,795,567,323,195,109,50,16
2019-11-15 09:00:00,1,4,2,3,2,2,0,4,6,18,29,48,74,128,178,241,341,396,542,654,824,940,992,980,812,568,322,156,82,28
2019-11-15 10:00:00,1,2,2,1,2,1,1,4,4,15,24,38,53,114,147,247,344,405,555,670,915,1012,1158,1164,1058,813,449,204,115,39
2019-11-15 11:00:00,2,4,3,2,4,2,4,4,6,10,20,31,44,88,124,200,294,389,502,640,849,989,1158,1253,1192,934,614,293,142,53
2019-11-15 12:00:00,2,5,4,4,6,2,6,5,7,6,17,24,36,63,100,153,245,373,448,609,783,966,1158,1342,1327,1054,780,382,170,67
2019-11-15 13:00:00,1,2,2,2,5,2,5,4,6,7,13,16,24,50,76,122,188,298,386,525,678,838,1038,1232,1286,1122,886,472,210,88
2019-11-15 14:00:00,0,0,0,0,4,1,4,4,5,8,9,8,13,38,51,92,131,222,324,441,572,709,917,1123,1244,1191,993,561,249,110
2019-11-15 15:00:00,0,0,0,1,2,3,4,4,5,8,11,9,12,29,47,79,125,206,294,402,506,640,824,1047,1166,1136,970,600,263,112
2019-11-15 16:00:00,1,1,0,2,1,5,4,5,5,7,13,10,10,20,43,66,119,190,264,362,439,571,731,971,1087,1080,947,638,277,113
2019-11-15 17:00:00,1,0,2,2,2,4,4,6,5,10,12,10,24,46,93,108,182,236,286,368,447,556,708,923,1101,1080,870,563,258,94
2019-11-15 18:00:00,1,0,3,1,4,4,4,8,5,14,10,11,39,73,143,149,244,281,307,373,455,542,685,875,1115,1079,792,488,239,76
2019-11-15 19:00:00,1,0,2,2,2,2,2,7,6,13,18,23,53,84,152,170,254,274,306,352,434,502,648,832,1032,967,731,422,196,68
2019-11-15 20:00:00,1,1,0,2,1,0,0,6,6,12,25,35,67,96,162,191,263,268,306,332,412,463,611,790,949,855,670,355,154,59
2019-11-15 21:00:00,2,1,0,2,1,0,2,6,10,20,28,48,92,135,217,259,320,326,374,426,534,636,774,952,1114,940,656,360,140,44
2019-11-15 22:00:00,4,1,0,1,1,1,5,6,13,27,31,61,118,174,272,327,378,385,442,521,655,809,937,1115,1278,1024,641,365,126,28
2019-11-15 23:00:00,2,1,0,1,2,2,4,7,12,24,43,73,141,214,304,380,434,494,580,672,891,1086,1278,1422,1417,1064,648,346,138,32
2019-11-16 00:00:00,1,1,1,1,2,4,4,8,11,21,55,85,164,254,335,432,491,602,717,824,1127,1362,1618,1729,1556,1103,654,328,149,35
2019-11-16 01:00:00,0,2,1,0,2,5,3,8,12,24,57,96,157,250,322,412,463,577,704,868,1138,1302,1460,1448,1226,847,504,255,120,28
2019-11-16 02:00:00,0,2,1,0,1,6,2,7,14,27,59,106,150,247,308,392,435,552,690,912,1149,1241,1303,1166,897,591,353,182,90,21
2019-11-16 03:00:00,0,2,1,1,2,5,2,6,14,24,46,87,135,202,267,346,396,506,672,824,1025,1105,1112,1003,733,489,288,148,74,22
2019-11-16 04:00:00,0,2,1,2,2,4,3,4,14,22,34,68,120,157,226,300,356,461,653,737,901,969,920,840,569,387,224,115,59,22
2019-11-16 05:00:00,0,1,2,1,2,4,4,4,12,25,43,76,114,151,220,286,345,438,622,750,846,897,832,756,514,324,192,109,50,16
2019-11-16 06:00:00,0,0,2,0,3,4,6,4,9,28,52,85,107,145,214,271,334,416,592,764,791,825,744,672,459,260,159,103,41,10
2019-11-16 07:00:00,1,0,1,1,3,4,7,6,14,20,42,76,102,149,214,288,346,456,612,804,885,940,933,802,587,354,204,114,56,14
2019-11-16 08:00:00,2,1,0,2,3,3,8,7,18,13,31,67,96,153,215,304,357,496,633,843,979,1055,1122,931,715,447,250,124,72,18
2019-11-16 09:00:00,2,0,0,2,2,2,6,5,11,10,21,45,76,116,176,243,302,407,523,690,888,994,1071,990,816,556,304,174,95,26
2019-11-16 10:00:00,1,0,1,2,1,1,3,3,4,6,11,23,55,80,137,182,246,318,413,536,798,932,1020,1050,916,665,359,225,118,34
2019-11-16 11:00:00,1,1,2,2,4,2,2,2,4,5,8,18,41,61,106,158,225,294,381,504,707,902,990,1050,1025,792,483,264,120,50
2019-11-16 12:00:00,1,2,2,3,6,4,1,2,5,4,4,12,27,42,74,133,204,270,349,472,616,871,961,1050,1134,918,607,302,123,67
2019-11-16 13:00:00,0,2,1,4,4,2,1,2,2,4,6,8,21,31,48,96,166,238,331,439,572,794,988,1193,1348,1264,918,522,247,120
2019-11-16 14:00:00,0,1,0,4,1,0,1,2,0,4,7,5,15,20,23,60,129,206,313,406,528,717,1015,1336,1563,1610,1228,743,371,174
2019-11-16 15:00:00,0,1,0,2,1,0,0,2,2,2,7,6,18,25,41,83,144,212,300,382,500,633,894,1180,1394,1466,1128,655,320,142
2019-11-16 16:00:00,0,1,0,0,1,1,0,2,3,1,7,6,21,30,59,106,159,218,288,358,472,549,772,1025,1224,1322,1028,567,270,109
2019-11-16 17:00:00,0,0,1,0,1,0,0,4,2,4,10,20,42,67,101,138,178,238,284,322,422,492,704,958,1126,1190,928,514,223,82
2019-11-16 18:00:00,0,0,2,0,1,0,1,7,1,7,14,34,62,104,143,170,197,258,279,287,372,435,637,890,1029,1057,828,462,176,55
2019-11-16 19:00:00,0,0,1,0,1,1,1,5,3,13,14,43,73,121,156,187,222,276,284,293,352,440,638,871,1034,1018,780,410,160,48
2019-11-16 20:00:00,0,1,0,1,1,2,1,3,5,19,15,52,84,138,168,204,247,293,289,299,331,444,639,852,1039,980,731,359,144,40
2019-11-16 21:00:00,0,0,1,2,1,2,0,3,7,16,32,55,102,159,191,250,302,335,342,380,442,618,846,1042,1152,1024,660,320,124,32
2019-11-16 22:00:00,0,0,2,2,1,3,0,3,9,13,48,58,119,180,214,295,357,377,394,461,554,793,1053,1232,1266,1067,588,281,104,23
2019-11-16 23:00:00,0,0,3,1,0,2,2,5,11,14,40,62,110,176,202,278,331,362,403,482,612,818,1012,1138,1106,880,470,218,80,20
2019-11-17 00:00:00,1,0,4,0,0,2,4,7,13,15,33,65,100,173,190,262,305,346,412,503,669,842,971,1044,945,693,353,155,56,17
2019-11-17 01:00:00,0,0,2,1,2,1,3,7,9,18,32,64,93,164,184,244,294,324,410,521,686,806,913,924,784,550,288,128,54,12
2019-11-17 02:00:00,0,0,1,2,4,0,2,7,5,20,31,64,86,154,177,227,282,303,408,539,703,771,855,805,623,406,223,101,52,7
2019-11-17 03:00:00,0,2,2,2,2,4,2,9,10,24,43,86,136,184,241,288,388,430,592,746,944,1015,1026,936,700,446,244,124,54,13
2019-11-17 04:00:00,1,5,2,2,1,7,1,11,16,28,55,107,185,213,305,349,494,558,777,953,1186,1259,1197,1066,776,487,264,146,55,19
2019-11-17 05:00:00,1,3,2,1,1,4,2,8,14,26,45,92,154,194,270,312,422,518,692,900,1006,1084,1042,910,642,394,218,116,56,14
2019-11-17 06:00:00,1,1,1,0,1,1,4,6,11,25,35,77,122,174,234,274,350,478,606,848,825,910,886,753,509,302,171,87,56,8
2019-11-17 07:00:00,0,0,0,0,2,0,2,6,13,21,31,69,124,175,256,326,387,522,682,917,1028,1090,1113,906,632,378,228,128,66,12
2019-11-17 08:00:00,0,0,0,0,2,0,1,6,15,17,27,61,125,176,278,377,424,565,759,986,1230,1270,1340,1060,756,455,284,169,77,16
2019-11-17 09:00:00,0,0,0,0,2,1,2,4,8,13,17,43,80,125,199,294,356,472,666,848,1083,1210,1325,1168,912,597,342,199,96,22
2019-11-17 10:00:00,1,1,0,1,1,2,2,1,2,9,7,25,35,74,120,211,289,380,573,710,936,1149,1310,1275,1068,739,399,229,115,27
2019-11-17 11:00:00,3,0,3,3,2,4,2,3,6,12,5,21,29,61,104,192,284,388,564,712,998,1278,1536,1616,1456,1125,695,350,190,63
2019-11-17 12:00:00,5,0,6,5,4,5,3,5,11,15,3,17,23,48,89,174,279,395,554,713,1061,1407,1763,1956,1845,1511,991,471,264,99
2019-11-17 13:00:00,5,0,4,6,4,4,4,6,11,12,4,12,18,36,64,132,214,304,432,574,841,1156,1449,1630,1660,1382,957,462,250,96
2019-11-17 14:00:00,5,1,3,6,3,4,6,7,11,8,5,7,13,23,40,89,150,212,311,434,621,905,1135,1303,1474,1254,923,453,236,93
2019-11-17 15:00:00,2,0,2,3,2,2,3,4,6,6,4,6,13,24,52,96,148,208,290,404,516,692,900,1150,1342,1300,983,552,252,102
2019-11-17 16:00:00,0,0,0,0,0,1,0,2,1,4,4,5,13,25,63,104,147,205,270,374,412,479,665,998,1211,1347,1043,652,269,112
2019-11-17 17:00:00,0,2,0,0,0,0,0,3,5,12,14,19,46,70,124,174,214,254,312,381,430,515,738,1072,1333,1430,1119,702,284,101
2019-11-17 18:00:00,1,3,1,1,1,0,0,4,9,19,23,33,78,115,185,243,280,302,354,388,447,551,812,1145,1455,1513,1195,753,299,90
2019-11-17 19:00:00,0,2,2,0,0,2,2,4,12,15,26,56,93,138,195,281,316,348,412,442,522,658,920,1233,1428,1370,1037,556,231,65
2019-11-17 20:00:00,0,1,2,0,0,3,5,4,15,11,29,78,108,161,205,319,353,395,469,495,597,764,1027,1321,1401,1227,879,358,163,40
2019-11-17 21:00:00,0,0,2,2,1,2,4,6,13,20,36,86,132,204,255,332,408,457,538,624,774,988,1227,1372,1316,1046,692,290,130,31
2019-11-17 22:00:00,0,0,2,3,2,2,3,9,11,29,44,95,155,248,305,345,463,519,606,754,951,1211,1427,1422,1231,866,505,222,96,22
2019-11-17 23:00:00,0,0,2,2,3,2,4,10,12,34,50,96,164,231,306,376,474,566,712,911,1104,1324,1428,1336,1086,708,389,203,88,22
2019-11-18 00:00:00,0,0,1,1,4,1,5,12,13,40,55,98,172,214,308,408,485,612,817,1068,1256,1437,1428,1251,940,551,273,184,80,21
2019-11-18 01:00:00,0,0,1,2,4,2,6,12,16,37,54,98,166,218,304,434,488,647,870,1110,1280,1364,1362,1162,838,478,264,163,70,18
2019-11-18 02:00:00,0,0,1,2,4,3,6,11,19,34,52,99,161,222,299,460,490,682,923,1151,1303,1290,1297,1072,737,405,254,142,59,14
2019-11-18 03:00:00,0,0,1,1,3,4,6,8,17,33,55,100,155,214,308,424,516,682,887,1079,1188,1181,1160,959,625,362,209,116,50,12
2019-11-18 04:00:00,1,1,1,0,2,5,5,5,15,32,58,100,149,206,317,388,543,682,851,1007,1073,1072,1022,846,513,319,164,90,41,10
2019-11-18 05:00:00,2,0,0,0,1,5,4,6,17,35,66,102,154,220,314,408,544,702,907,1054,1148,1156,1078,864,557,326,184,108,44,16
2019-11-18 06:00:00,2,0,0,0,0,5,2,7,19,38,74,105,160,235,310,427,545,721,963,1100,1222,1240,1133,883,601,332,205,125,48,21
2019-11-18 07:00:00,1,2,0,0,1,2,4,8,16,31,62,97,162,240,310,402,513,694,920,1058,1220,1254,1165,969,684,364,222,126,58,22
2019-11-18 08:00:00,0,3,1,1,2,0,6,9,13,24,50,89,164,245,311,377,481,666,878,1017,1219,1268,1197,1055,768,396,240,127,69,23
2019-11-18 09:00:00,0,2,2,1,3,1,4,4,9,20,32,66,110,172,238,297,392,528,704,857,1070,1202,1168,1128,886,546,309,163,86,30
2019-11-18 10:00:00,1,1,2,1,4,2,1,0,5,17,15,42,55,99,165,217,303,390,530,697,922,1137,1140,1200,1005,696,378,199,102,37
2019-11-18 11:00:00,0,0,1,1,2,1,2,2,6,10,12,30,43,72,134,199,274,346,480,648,846,1108,1239,1307,1195,914,556,282,140,54
2019-11-18 12:00:00,0,0,0,1,0,0,2,4,8,3,10,17,31,46,103,181,244,302,430,600,769,1078,1338,1414,1385,1133,733,364,179,70
2019-11-18 13:00:00,0,0,2,0,0,0,1,2,6,4,10,20,25,44,81,147,206,290,403,572,732,1032,1262,1408,1459,1215,850,451,198,90
2019-11-18 14:00:00,0,0,3,0,1,1,0,1,3,5,11,22,19,41,59,113,167,277,376,544,695,985,1186,1403,1533,1297,967,538,217,109
2019-11-18 15:00:00,0,0,2,0,2,2,0,2,3,5,10,22,31,48,86,144,216,294,396,546,683,913,1147,1391,1536,1366,1027,578,242,108
2019-11-18 16:00:00,0,0,2,1,2,2,1,4,3,5,10,21,43,56,114,175,265,312,417,547,671,841,1108,1379,1540,1435,1087,618,267,106
2019-11-18 17:00:00,0,0,1,2,2,1,1,6,7,12,31,46,88,128,176,249,300,356,448,563,644,834,1072,1372,1456,1316,932,498,208,74
2019-11-18 18:00:00,1,0,0,3,1,0,1,9,11,20,52,71,133,200,238,323,335,401,480,579,617,827,1035,1366,1373,1196,778,379,150,42
2019-11-18 19:00:00,0,0,0,2,2,2,3,12,14,32,58,101,155,224,272,330,372,424,494,625,693,896,1134,1383,1316,1058,660,302,120,28
2019-11-18 20:00:00,0,0,1,1,3,3,5,14,16,43,65,131,177,248,306,338,410,446,507,671,769,965,1232,1400,1258,920,542,224,91,13
2019-11-18 21:00:00,0,1,0,0,2,3,8,14,18,40,70,125,185,250,300,334,404,478,562,726,884,1038,1203,1239,1036,739,416,180,73,14
2019-11-18 22:00:00,0,2,0,0,1,3,10,14,20,37,76,119,193,253,294,331,397,511,616,780,1000,1112,1174,1078,813,558,291,137,55,14
2019-11-18 23:00:00,0,1,0,0,2,2,8,14,24,45,78,134,197,262,321,370,458,611,758,888,1068,1149,1179,1038,737,456,238,130,48,12
2019-11-19 00:00:00,0,0,0,1,3,2,6,14,29,53,81,150,201,272,348,408,518,711,901,996,1136,1186,1184,999,661,353,184,123,42,9
2019-11-19 01:00:00,0,0,2,0,2,2,8,11,27,44,75,130,186,261,344,400,509,720,864,1004,1133,1136,1084,871,557,331,170,100,32,12
2019-11-19 02:00:00,1,0,3,0,0,3,9,8,25,36,69,110,171,250,340,393,500,730,827,1013,1130,1087,983,743,453,309,156,77,22,15
2019-11-19 03:00:00,0,1,2,0,0,4,8,10,20,36,80,110,160,244,337,413,538,670,834,959,1084,1060,878,690,454,268,138,81,23,12
2019-11-19 04:00:00,0,2,0,1,1,4,8,13,16,36,91,110,150,237,334,433,576,609,842,905,1039,1032,773,637,456,226,121,85,24,10
2019-11-19 05:00:00,0,2,2,0,2,6,9,15,26,42,88,124,156,226,327,425,562,649,816,922,992,972,790,605,393,210,116,80,25,9
2019-11-19 06:00:00,1,2,3,0,2,7,10,17,35,49,84,139,162,215,320,417,547,689,789,939,946,912,807,573,330,193,110,74,26,8
2019-11-19 07:00:00,0,1,3,0,2,5,7,15,30,43,70,114,160,200,298,378,499,664,736,867,928,869,782,556,339,192,112,74,26,7
2019-11-19 08:00:00,0,0,3,1,1,3,4,13,26,37,57,90,157,185,277,340,451,639,682,795,910,826,758,539,348,190,113,74,25,6
2019-11-19 09:00:00,0,0,2,0,2,4,2,10,19,30,50,90,136,190,276,349,453,632,756,878,1087,1103,1070,896,656,367,202,119,52,11
2019-11-19 10:00:00,0,0,1,0,2,5,0,8,12,23,43,91,116,196,276,358,455,624,830,962,1264,1380,1381,1254,963,544,290,164,78,16
2019-11-19 11:00:00,0,0,1,0,1,2,2,5,9,15,28,64,93,142,220,304,392,526,704,842,1088,1195,1256,1182,986,646,330,178,86,22
2019-11-19 12:00:00,0,1,1,0,0,0,4,2,6,7,14,37,70,87,165,250,328,427,577,722,911,1010,1131,1109,1010,748,371,192,93,28
2019-11-19 13:00:00,0,0,0,0,1,2,2,2,4,4,9,26,48,58,116,190,260,333,443,564,733,898,996,1026,962,763,439,211,102,34
2019-11-19 14:00:00,0,0,0,0,2,3,1,2,2,2,4,14,27,29,66,130,193,239,309,405,555,786,861,942,915,778,507,230,110,39
2019-11-19 15:00:00,1,0,1,0,2,2,2,2,2,4,4,12,23,34,68,121,180,231,278,349,466,648,736,858,888,800,575,302,128,46
2019-11-19 16:00:00,2,0,2,1,2,1,3,2,3,5,4,11,19,40,71,112,168,223,246,293,378,510,610,775,860,821,643,373,146,52
2019-11-19 17:00:00,1,1,1,2,1,0,2,1,6,6,8,18,28,51,92,150,177,220,243,295,358,469,590,766,880,806,623,354,134,44
2019-11-19 18:00:00,0,2,0,2,0,0,2,0,8,8,13,24,37,62,113,188,186,218,240,297,338,428,571,757,901,792,603,335,123,36
2019-11-19 19:00:00,0,1,0,2,1,0,2,2,10,12,20,32,56,97,130,198,198,238,242,306,356,452,575,760,873,772,552,296,107,27
2019-11-19 20:00:00,1,0,0,2,2,1,3,4,11,15,27,39,74,132,147,209,209,259,245,316,374,476,579,762,845,753,500,257,91,18
2019-11-19 21:00:00,1,2,2,2,2,4,8,10,20,29,59,78,126,188,230,290,317,380,417,528,663,796,1007,1124,1092,841,527,236,78,17
2019-11-19 22:00:00,1,3,3,2,2,6,12,17,28,43,91,118,177,243,314,372,425,500,589,741,952,1115,1435,1487,1338,929,554,214,66,16
2019-11-19 23:00:00,1,2,2,2,2,8,12,16,29,48,96,125,196,266,334,411,492,585,750,915,1137,1321,1470,1432,1136,774,464,192,64,14
2019-11-20 00:00:00,1,1,1,1,3,9,12,14,30,54,102,132,216,289,353,450,559,670,911,1089,1322,1527,1504,1378,933,618,375,169,61,13
2019-11-20 01:00:00,1,1,1,1,4,7,8,20,33,56,100,138,231,288,358,459,624,728,1001,1159,1383,1446,1374,1144,789,505,293,144,50,9
2019-11-20 02:00:00,1,1,1,1,4,5,4,26,36,57,98,144,246,287,362,468,688,787,1091,1229,1444,1365,1245,909,645,392,211,118,40,5
2019-11-20 03:00:00,0,2,0,1,4,6,8,20,34,52,102,140,220,271,376,488,648,797,1070,1174,1334,1268,1116,832,536,330,184,103,38,6
2019-11-20 04:00:00,0,2,0,1,5,8,12,14,32,48,107,137,194,255,389,507,607,807,1048,1119,1223,1171,988,756,427,269,157,88,36,7
2019-11-20 05:00:00,1,2,2,2,6,6,8,18,32,58,113,162,230,312,464,571,738,980,1232,1318,1345,1272,1082,765,450,272,156,99,36,10
2019-11-20 06:00:00,2,1,3,2,6,5,4,23,31,67,119,188,266,368,538,635,870,1154,1416,1517,1467,1373,1176,774,474,275,156,110,35,13
2019-11-20 07:00:00,2,1,2,2,4,4,8,18,28,64,98,151,214,316,459,588,763,1038,1266,1416,1395,1349,1160,798,476,280,166,111,36,8
2019-11-20 08:00:00,3,1,2,2,1,3,12,13,25,62,78,114,163,264,380,541,656,921,1115,1316,1323,1325,1145,823,477,285,176,112,36,4
2019-11-20 09:00:00,2,1,2,2,2,2,10,10,21,48,64,92,135,222,325,462,584,809,1009,1216,1294,1354,1247,988,664,418,261,142,54,14
2019-11-20 10:00:00,2,0,2,1,2,2,8,7,17,34,49,70,107,179,270,382,513,698,903,1116,1266,1384,1348,1154,852,551,346,172,72,23
2019-11-20 11:00:00,1,0,2,0,3,2,5,4,13,19,34,49,79,136,216,303,442,586,797,1017,1237,1414,1450,1320,1039,684,431,203,89,32
2019-11-20 12:00:00,0,0,2,0,4,1,3,1,9,5,20,27,51,94,161,224,370,474,691,917,1208,1443,1552,1485,1226,817,516,233,107,42
2019-11-20 13:00:00,0,0,2,1,2,1,3,2,6,6,14,23,40,74,137,210,338,450,642,872,1174,1420,1594,1624,1400,1064,632,292,134,48
2019-11-20 14:00:00,0,0,1,2,0,1,3,3,4,8,9,19,29,53,113,196,305,427,593,827,1140,1397,1635,1763,1573,1311,748,352,160,54
2019-11-20 15:00:00,0,0,2,2,0,2,4,3,4,7,10,22,32,60,127,216,302,426,538,760,1021,1239,1474,1684,1564,1330,779,388,170,54
2019-11-20 16:00:00,1,0,3,1,1,3,4,3,4,6,12,26,34,66,141,237,298,424,484,694,902,1081,1312,1606,1554,1349,810,423,180,55
2019-11-20 17:00:00,1,2,2,2,2,3,4,6,8,16,27,56,78,123,188,270,328,414,517,660,876,1080,1350,1606,1552,1296,804,390,166,48
2019-11-20 18:00:00,1,3,1,2,2,3,4,9,11,25,42,86,123,180,234,304,359,404,550,627,850,1078,1387,1606,1551,1242,798,358,152,41
2019-11-20 19:00:00,0,2,0,2,3,4,6,14,20,34,62,104,158,218,292,358,407,442,588,703,890,1182,1454,1650,1544,1204,728,316,126,30
2019-11-20 20:00:00,0,0,0,3,4,5,7,19,29,44,81,123,192,257,351,413,455,479,627,779,930,1285,1521,1694,1537,1166,658,273,101,20
2019-11-20 21:00:00,2,0,2,4,2,4,10,16,30,47,74,118,194,260,344,418,477,508,677,828,1042,1348,1510,1568,1341,986,530,232,88,18
2019-11-20 22:00:00,3,0,3,4,1,4,13,14,31,50,68,114,196,263,338,422,499,536,727,878,1154,1410,1498,1441,1145,807,403,192,74,15
2019-11-20 23:00:00,2,0,3,2,0,6,10,14,22,40,68,117,183,246,327,408,498,600,792,1004,1218,1364,1317,1248,924,596,308,146,54,10
2019-11-21 00:00:00,1,1,3,1,0,7,8,14,13,30,68,120,170,229,316,393,498,665,858,1131,1281,1317,1136,1056,702,385,213,101,35,6
2019-11-21 01:00:00,0,0,2,2,0,5,6,16,13,31,64,98,154,234,306,402,522,688,852,1105,1212,1210,1070,912,600,334,176,92,35,6
2019-11-21 02:00:00,0,0,1,2,0,3,3,17,13,32,60,76,138,240,296,410,546,712,845,1079,1143,1104,1003,767,497,284,138,84,35,6
2019-11-21 03:00:00,0,0,2,4,0,4,6,13,12,31,62,78,135,225,290,405,534,702,862,1055,1139,1100,980,744,486,262,146,84,30,10
2019-11-21 04:00:00,1,0,3,5,0,5,8,9,12,30,65,80,132,210,285,400,521,691,880,1031,1135,1097,956,720,476,239,153,85,24,13
2019-11-21 05:00:00,1,1,2,4,2,5,7,9,14,36,54,88,133,220,294,409,546,692,884,1024,1072,1050,888,660,436,224,139,88,26,8
2019-11-21 06:00:00,1,2,1,3,4,5,6,9,16,41,44,95,134,230,303,418,570,694,887,1017,1008,1004,820,599,397,209,125,92,29,4
2019-11-21 07:00:00,2,1,1,2,2,4,4,10,11,39,38,88,132,205,282,422,549,698,908,998,1053,1027,871,642,419,222,129,94,28,5
2019-11-21 08:00:00,4,0,1,1,1,3,2,12,6,37,33,81,129,180,262,425,528,701,929,979,1098,1050,922,686,441,235,133,96,26,6
2019-11-21 09:00:00,3,0,1,2,2,3,3,8,8,24,32,64,101,144,224,338,442,575,779,882,1028,1040,925,725,484,279,156,96,30,8
2019-11-21 10:00:00,2,1,1,3,2,3,4,4,9,12,30,47,73,108,186,250,357,449,629,784,957,1030,928,764,527,323,178,95,33,9
2019-11-21 11:00:00,2,0,0,2,2,2,3,2,7,8,24,36,60,85,156,220,322,422,582,746,932,1026,1008,892,712,460,236,120,50,13
2019-11-21 12:00:00,1,0,0,2,2,1,2,1,5,4,17,24,46,62,125,189,287,396,534,708,908,1022,1088,1021,898,596,293,144,67,17
2019-11-21 13:00:00,0,0,0,2,2,2,2,2,4,6,10,18,30,50,94,147,214,307,428,588,768,940,1053,1075,964,732,398,192,97,26
2019-11-21 14:00:00,0,1,1,1,3,3,2,3,4,8,3,13,15,37,64,105,140,218,323,467,628,858,1018,1129,1030,867,502,239,127,34
2019-11-21 15:00:00,0,0,1,1,4,2,1,4,4,7,4,10,14,32,57,82,129,199,288,402,574,755,896,1038,996,836,528,270,135,38
2019-11-21 16:00:00,0,0,1,1,4,2,0,4,5,6,6,6,14,28,50,59,118,180,254,336,520,652,775,946,963,805,554,302,143,41
2019-11-21 17:00:00,0,0,0,1,3,2,0,4,5,8,12,18,24,42,90,114,166,210,272,358,505,623,772,920,956,820,530,265,117,36
2019-11-21 18:00:00,0,0,0,1,2,2,1,4,5,9,18,30,33,56,129,170,215,239,291,380,490,594,770,895,949,836,505,228,91,30
2019-11-21 19:00:00,0,0,0,0,2,2,2,4,5,12,20,34,54,85,144,197,248,273,316,412,512,636,802,934,943,773,465,213,74,23
2019-11-21 20:00:00,1,0,0,0,1,2,2,5,5,16,22,39,74,114,159,224,280,307,342,445,533,678,834,973,937,710,425,198,57,16
2019-11-21 21:00:00,0,2,0,0,2,2,4,4,8,15,24,50,83,135,184,249,298,319,376,480,597,760,920,996,894,662,380,170,58,16
2019-11-21 22:00:00,0,3,1,1,2,1,5,3,11,14,26,62,92,156,210,274,317,331,411,516,661,842,1006,1020,850,613,336,141,59,16
2019-11-21 23:00:00,0,2,0,0,2,2,4,4,12,19,33,60,105,158,214,266,319,375,487,618,782,910,1026,963,768,530,290,142,54,14
2019-11-22 00:00:00,1,2,0,0,3,3,4,6,14,24,40,59,118,159,218,257,321,419,563,720,902,977,1045,906,685,446,244,142,50,12
