"date","mu"
2019-09-30 00:00:00,0.0223025374779429
2019-09-30 01:00:00,0.0218159663429542
2019-09-30 02:00:00,0.0217602617699697
2019-09-30 03:00:00,0.0218986853076366
2019-09-30 04:00:00,0.0216256815733225
2019-09-30 05:00:00,0.0219362382315804
2019-09-30 06:00:00,0.0218411492843522
2019-09-30 07:00:00,0.0217420066772309
2019-09-30 08:00:00,0.0221786949439213
2019-09-30 09:00:00,0.0225767299567377
2019-09-30 10:00:00,0.0220782544627074
2019-09-30 11:00:00,0.0224422883666904
2019-09-30 12:00:00,0.0226073457991376
2019-09-30 13:00:00,0.022750412479045
2019-09-30 14:00:00,0.0224014451332781
2019-09-30 15:00:00,0.0225252242111083
2019-09-30 16:00:00,0.0227800283318196
2019-09-30 17:00:00,0.0225662782481439
2019-09-30 18:00:00,0.0222118444313271
2019-09-30 19:00:00,0.0225717581956477
2019-09-30 20:00:00,0.0227597945302414
2019-09-30 21:00:00,0.0223874759418994
2019-09-30 22:00:00,0.0217659554910945
2019-09-30 23:00:00,0.0222014961193029
2019-10-01 00:00:00,0.0171844583531424
2019-10-01 01:00:00,0.0166239010201554
2019-10-01 02:00:00,0.0160861377516248
2019-10-01 03:00:00,0.0163548884162772
2019-10-01 04:00:00,0.0160917046109983
2019-10-01 05:00:00,0.0163435711421567
2019-10-01 06:00:00,0.0163299697135439
2019-10-01 07:00:00,0.0158223325523359
2019-10-01 08:00:00,0.0167825901764722
2019-10-01 09:00:00,0.0181649354125408
2019-10-01 10:00:00,0.0185386043754701
2019-10-01 11:00:00,0.0195700961940979
2019-10-01 12:00:00,0.0207588681808666
2019-10-01 13:00:00,0.0209929264993551
2019-10-01 14:00:00,0.0214178008500081
2019-10-01 15:00:00,0.0222254888818991
2019-10-01 16:00:00,0.0229704874614693
2019-10-01 17:00:00,0.0218543703940366
2019-10-01 18:00:00,0.02236609808533
2019-10-01 19:00:00,0.0218767799282755
2019-10-01 20:00:00,0.0214084144767792
2019-10-01 21:00:00,0.0216936290805698
2019-10-01 22:00:00,0.0208737953670841
2019-10-01 23:00:00,0.0204469742306266
2019-10-02 00:00:00,0.0653988501009959
2019-10-02 01:00:00,0.065108908148213
2019-10-02 02:00:00,0.064968421279552
2019-10-02 03:00:00,0.0650937773045648
2019-10-02 04:00:00,0.0650995881998018
2019-10-02 05:00:00,0.0649973419760865
2019-10-02 06:00:00,0.0647983067710953
2019-10-02 07:00:00,0.0642613767309648
2019-10-02 08:00:00,0.0646408845514017
2019-10-02 09:00:00,0.0645975721872212
2019-10-02 10:00:00,0.0644208769281249
2019-10-02 11:00:00,0.0643243904586406
2019-10-02 12:00:00,0.0641855921274015
2019-10-02 13:00:00,0.0640876709348994
2019-10-02 14:00:00,0.0637676101396067
2019-10-02 15:00:00,0.0635690201536683
2019-10-02 16:00:00,0.063525003555851
2019-10-02 17:00:00,0.0631890081953514
2019-10-02 18:00:00,0.0629308338042129
2019-10-02 19:00:00,0.0624901196370775
2019-10-02 20:00:00,0.0621226049851096
2019-10-02 21:00:00,0.0617025098431121
2019-10-02 22:00:00,0.0612364502130944
2019-10-02 23:00:00,0.0608680315004726
2019-10-03 00:00:00,0.0525542440227476
2019-10-03 01:00:00,0.0516243654053063
2019-10-03 02:00:00,0.0510453197643663
2019-10-03 03:00:00,0.0504252013493538
2019-10-03 04:00:00,0.0497731799222301
2019-10-03 05:00:00,0.0492950421927176
2019-10-03 06:00:00,0.0495251049832461
2019-10-03 07:00:00,0.0506855935272537
2019-10-03 08:00:00,0.0530913009636897
2019-10-03 09:00:00,0.0558084719278806
2019-10-03 10:00:00,0.0592350171574338
2019-10-03 11:00:00,0.062341467335127
2019-10-03 12:00:00,0.0652315403299539
2019-10-03 13:00:00,0.0676686093028547
2019-10-03 14:00:00,0.0685652966392727
2019-10-03 15:00:00,0.0684618153511423
2019-10-03 16:00:00,0.068442653195687
2019-10-03 17:00:00,0.0680427911996393
2019-10-03 18:00:00,0.0674762835185412
2019-10-03 19:00:00,0.0665699888455933
2019-10-03 20:00:00,0.0655992546954085
2019-10-03 21:00:00,0.0648366498368471
2019-10-03 22:00:00,0.0638589671624512
2019-10-03 23:00:00,0.0630710192104704
2019-10-04 00:00:00,0.074885274952285
2019-10-04 01:00:00,0.0731369105696924
2019-10-04 02:00:00,0.0714859424167411
2019-10-04 03:00:00,0.0699220269238321
2019-10-04 04:00:00,0.0683457898026667
2019-10-04 05:00:00,0.067620536216273
2019-10-04 06:00:00,0.0675407010283688
2019-10-04 07:00:00,0.0686761652293555
2019-10-04 08:00:00,0.0704798166799527
2019-10-04 09:00:00,0.0738028855707356
2019-10-04 10:00:00,0.0777071905072066
2019-10-04 11:00:00,0.0814214816024297
2019-10-04 12:00:00,0.0848080711408556
2019-10-04 13:00:00,0.0881386739763776
2019-10-04 14:00:00,0.0904327947155164
2019-10-04 15:00:00,0.0904648165908277
2019-10-04 16:00:00,0.0899470010050649
2019-10-04 17:00:00,0.0886263823110252
2019-10-04 18:00:00,0.0870327374364912
2019-10-04 19:00:00,0.0852794778985224
2019-10-04 20:00:00,0.0834247591178627
2019-10-04 21:00:00,0.0816731661362535
2019-10-04 22:00:00,0.0800303956842079
2019-10-04 23:00:00,0.0783413844725072
2019-10-05 00:00:00,0.0494985645497721
2019-10-05 01:00:00,0.0486021911264256
2019-10-05 02:00:00,0.0479314626523966
2019-10-05 03:00:00,0.0474490855304186
2019-10-05 04:00:00,0.0468352417437057
2019-10-05 05:00:00,0.0459312223170425
2019-10-05 06:00:00,0.045665946778362
2019-10-05 07:00:00,0.0455129441571742
2019-10-05 08:00:00,0.0450515586581517
2019-10-05 09:00:00,0.0453273402647962
2019-10-05 10:00:00,0.0457000529736877
2019-10-05 11:00:00,0.0460753248701629
2019-10-05 12:00:00,0.0465770460606407
2019-10-05 13:00:00,0.046728667427562
2019-10-05 14:00:00,0.0467653113689863
2019-10-05 15:00:00,0.0467596127823544
2019-10-05 16:00:00,0.0463833246089713
2019-10-05 17:00:00,0.0461209477918292
2019-10-05 18:00:00,0.0454483159534469
2019-10-05 19:00:00,0.0448218429963791
2019-10-05 20:00:00,0.0441438637058464
2019-10-05 21:00:00,0.0437341479071147
2019-10-05 22:00:00,0.0430851806549946
2019-10-05 23:00:00,0.0426828497332625
2019-10-06 00:00:00,0.0353911249401833
2019-10-06 01:00:00,0.0355965350207263
2019-10-06 02:00:00,0.035242043061503
2019-10-06 03:00:00,0.0352411033743021
2019-10-06 04:00:00,0.0347359346899019
2019-10-06 05:00:00,0.0345764001014199
2019-10-06 06:00:00,0.0343933256483968
2019-10-06 07:00:00,0.034085159791676
2019-10-06 08:00:00,0.0339711459411411
2019-10-06 09:00:00,0.0343185518364173
2019-10-06 10:00:00,0.0346877739831655
2019-10-06 11:00:00,0.0346170613185137
2019-10-06 12:00:00,0.0346018158948791
2019-10-06 13:00:00,0.0347185128891105
2019-10-06 14:00:00,0.034783939610282
2019-10-06 15:00:00,0.0348029324881356
2019-10-06 16:00:00,0.0347800255619646
2019-10-06 17:00:00,0.0346455841620514
2019-10-06 18:00:00,0.034342189302679
2019-10-06 19:00:00,0.0341679734895912
2019-10-06 20:00:00,0.0341061566680665
2019-10-06 21:00:00,0.0337548840309676
2019-10-06 22:00:00,0.0335878477537435
2019-10-06 23:00:00,0.0332802277786737
2019-10-07 00:00:00,0.0458308760568595
2019-10-07 01:00:00,0.0451284690544558
2019-10-07 02:00:00,0.0451780284614536
2019-10-07 03:00:00,0.04441921031089
2019-10-07 04:00:00,0.0439015162438601
2019-10-07 05:00:00,0.0442431405187271
2019-10-07 06:00:00,0.043415350176133
2019-10-07 07:00:00,0.043012978914172
2019-10-07 08:00:00,0.0425846742491416
2019-10-07 09:00:00,0.0426876881894636
2019-10-07 10:00:00,0.0423524869310867
2019-10-07 11:00:00,0.0423243064584184
2019-10-07 12:00:00,0.0420661458180582
2019-10-07 13:00:00,0.0417686756955913
2019-10-07 14:00:00,0.041885358020231
2019-10-07 15:00:00,0.0414900290920297
2019-10-07 16:00:00,0.0407990978643102
2019-10-07 17:00:00,0.040651626938045
2019-10-07 18:00:00,0.040331173652099
2019-10-07 19:00:00,0.0397419740317897
2019-10-07 20:00:00,0.0396280518094994
2019-10-07 21:00:00,0.0395807329582585
2019-10-07 22:00:00,0.0388312629222618
2019-10-07 23:00:00,0.0386295907945584
2019-10-08 00:00:00,0.0180600489813969
2019-10-08 01:00:00,0.0184876044673654
2019-10-08 02:00:00,0.0182743695179131
2019-10-08 03:00:00,0.0180665720267559
2019-10-08 04:00:00,0.0178639977383561
2019-10-08 05:00:00,0.0178983546183193
2019-10-08 06:00:00,0.0179253334604343
2019-10-08 07:00:00,0.0179452928075641
2019-10-08 08:00:00,0.0181782881985519
2019-10-08 09:00:00,0.0185009085852954
2019-10-08 10:00:00,0.0189057700436486
2019-10-08 11:00:00,0.0194893008562325
2019-10-08 12:00:00,0.0200325153945826
2019-10-08 13:00:00,0.0199382297101103
2019-10-08 14:00:00,0.0207210176375181
2019-10-08 15:00:00,0.0205873989392078
2019-10-08 16:00:00,0.0208281693812573
2019-10-08 17:00:00,0.0206785614753286
2019-10-08 18:00:00,0.0205293793582157
2019-10-08 19:00:00,0.02029261516204
2019-10-08 20:00:00,0.0202344248761861
2019-10-08 21:00:00,0.0202562372265067
2019-10-08 22:00:00,0.0201028630913509
2019-10-08 23:00:00,0.0201944147215638
2019-10-09 00:00:00,0.0077751047139234
2019-10-09 01:00:00,0.00753637157526477
2019-10-09 02:00:00,0.00801215004527656
2019-10-09 03:00:00,0.0079484654098092
2019-10-09 04:00:00,0.00806032049179528
2019-10-09 05:00:00,0.00712984500218106
2019-10-09 06:00:00,0.00776736450238857
2019-10-09 07:00:00,0.00804867775086038
2019-10-09 08:00:00,0.00815360386015307
2019-10-09 09:00:00,0.00842323039555737
2019-10-09 10:00:00,0.00951672597006414
2019-10-09 11:00:00,0.0104141779301195
2019-10-09 12:00:00,0.00965558602107919
2019-10-09 13:00:00,0.0106918238671359
2019-10-09 14:00:00,0.0107381430884192
2019-10-09 15:00:00,0.0104663181874223
2019-10-09 16:00:00,0.0109822252200598
2019-10-09 17:00:00,0.0108629249457319
2019-10-09 18:00:00,0.0108988721793395
2019-10-09 19:00:00,0.0113853222251254
2019-10-09 20:00:00,0.0108092930556278
2019-10-09 21:00:00,0.0109891215755944
2019-10-09 22:00:00,0.0111618136354181
2019-10-09 23:00:00,0.0113274519344753
2019-11-09 00:00:00,0.105984345996211
2019-11-09 01:00:00,0.105337129041985
2019-11-09 02:00:00,0.103675240348487
2019-11-09 03:00:00,0.102186603668384
2019-11-09 04:00:00,0.100173194041307
2019-11-09 05:00:00,0.0989388247332545
2019-11-09 06:00:00,0.0971845467981005
2019-11-09 07:00:00,0.0960047850649453
2019-11-09 08:00:00,0.0958255596980369
2019-11-09 09:00:00,0.0968385018135294
2019-11-09 10:00:00,0.098022404233161
2019-11-09 11:00:00,0.0991104953126545
2019-11-09 12:00:00,0.100072262793459
2019-11-09 13:00:00,0.100691047359586
2019-11-09 14:00:00,0.100791524741918
2019-11-09 15:00:00,0.1000889792707
2019-11-09 16:00:00,0.0988464516556853
2019-11-09 17:00:00,0.0971743062762016
2019-11-09 18:00:00,0.0954826084623956
2019-11-09 19:00:00,0.0939199291570887
2019-11-09 20:00:00,0.0924100408838573
2019-11-09 21:00:00,0.090814804655448
2019-11-09 22:00:00,0.0892166458036279
2019-11-09 23:00:00,0.0877196812642023
2019-11-10 00:00:00,0.146493141538814
2019-11-10 01:00:00,0.144445152789761
2019-11-10 02:00:00,0.141466485443308
2019-11-10 03:00:00,0.138588479626421
2019-11-10 04:00:00,0.135714472489036
2019-11-10 05:00:00,0.13280155437293
2019-11-10 06:00:00,0.13052924949875
2019-11-10 07:00:00,0.128573752909089
2019-11-10 08:00:00,0.126554236613446
2019-11-10 09:00:00,0.126163826750728
2019-11-10 10:00:00,0.12859029179144
2019-11-10 11:00:00,0.131759897668005
2019-11-10 12:00:00,0.132706144530081
2019-11-10 13:00:00,0.13188643722455
2019-11-10 14:00:00,0.130628717393158
2019-11-10 15:00:00,0.12854917773144
2019-11-10 16:00:00,0.125755695576203
2019-11-10 17:00:00,0.122801761231221
2019-11-10 18:00:00,0.119906297335776
2019-11-10 19:00:00,0.116947513509873
2019-11-10 20:00:00,0.11418665174295
2019-11-10 21:00:00,0.11146082428059
2019-11-10 22:00:00,0.108792329376243
2019-11-10 23:00:00,0.106209968380339
2019-11-11 00:00:00,0.0353278187678363
2019-11-11 01:00:00,0.0356723210864498
2019-11-11 02:00:00,0.0355652202543251
2019-11-11 03:00:00,0.0352459390616744
2019-11-11 04:00:00,0.0354395698583208
2019-11-11 05:00:00,0.0355714657848694
2019-11-11 06:00:00,0.0351608390855151
2019-11-11 07:00:00,0.0352199576762828
2019-11-11 08:00:00,0.0359872756563266
2019-11-11 09:00:00,0.0360492939775821
2019-11-11 10:00:00,0.0370439209290883
2019-11-11 11:00:00,0.0378859277501444
2019-11-11 12:00:00,0.0392363118710666
2019-11-11 13:00:00,0.0398804360935845
2019-11-11 14:00:00,0.0401522724298804
2019-11-11 15:00:00,0.0403323138110903
2019-11-11 16:00:00,0.0399872564573087
2019-11-11 17:00:00,0.0400465860072963
2019-11-11 18:00:00,0.0398342728412082
2019-11-11 19:00:00,0.0398810490052099
2019-11-11 20:00:00,0.039673988072277
2019-11-11 21:00:00,0.0395220563109877
2019-11-11 22:00:00,0.0391543919386699
2019-11-11 23:00:00,0.0391905046643579
2019-11-12 00:00:00,0.0692512360407713
2019-11-12 01:00:00,0.0664580158837635
2019-11-12 02:00:00,0.0654898451351151
2019-11-12 03:00:00,0.0654295661942985
2019-11-12 04:00:00,0.0646622146252662
2019-11-12 05:00:00,0.0637845263798136
2019-11-12 06:00:00,0.0632321852235158
2019-11-12 07:00:00,0.0625451140525737
2019-11-12 08:00:00,0.0628342684957444
2019-11-12 09:00:00,0.0625094369107906
2019-11-12 10:00:00,0.0632894339730816
2019-11-12 11:00:00,0.0637040453187474
2019-11-12 12:00:00,0.0643707968758633
2019-11-12 13:00:00,0.064678293309159
2019-11-12 14:00:00,0.0649315256621819
2019-11-12 15:00:00,0.0642007922078793
2019-11-12 16:00:00,0.0640057905930327
2019-11-12 17:00:00,0.0621864376492134
2019-11-12 18:00:00,0.0621758052028678
2019-11-12 19:00:00,0.0610509510163446
2019-11-12 20:00:00,0.0602444980604577
2019-11-12 21:00:00,0.0587342808927698
2019-11-12 22:00:00,0.0584853427254988
2019-11-12 23:00:00,0.0579512731406187
2019-11-13 00:00:00,0.116279592488988
2019-11-13 01:00:00,0.113655339426179
2019-11-13 02:00:00,0.112276809300662
2019-11-13 03:00:00,0.110608866050457
2019-11-13 04:00:00,0.108724863642211
2019-11-13 05:00:00,0.106685978607919
2019-11-13 06:00:00,0.10541596186116
2019-11-13 07:00:00,0.104386988041341
2019-11-13 08:00:00,0.104382289542141
2019-11-13 09:00:00,0.105320016710793
2019-11-13 10:00:00,0.105989076956414
2019-11-13 11:00:00,0.106932920286258
2019-11-13 12:00:00,0.107633670251076
2019-11-13 13:00:00,0.108147449261088
2019-11-13 14:00:00,0.108240978523181
2019-11-13 15:00:00,0.107945857261598
2019-11-13 16:00:00,0.106703211428412
2019-11-13 17:00:00,0.104879072695219
2019-11-13 18:00:00,0.103047650336146
2019-11-13 19:00:00,0.101394130251959
2019-11-13 20:00:00,0.0996763367746247
2019-11-13 21:00:00,0.0979617559084822
2019-11-13 22:00:00,0.0964108746702177
2019-11-13 23:00:00,0.0947929100366132
2019-11-14 00:00:00,0.0240599710157223
2019-11-14 01:00:00,0.0243543239517638
2019-11-14 02:00:00,0.0248235935066408
2019-11-14 03:00:00,0.0248357135892547
2019-11-14 04:00:00,0.0246327819111762
2019-11-14 05:00:00,0.0250136133372667
2019-11-14 06:00:00,0.0242133274278835
2019-11-14 07:00:00,0.0238262842162857
2019-11-14 08:00:00,0.0238150108295088
2019-11-14 09:00:00,0.0239682373323298
2019-11-14 10:00:00,0.0232345153642761
2019-11-14 11:00:00,0.0232131945620484
2019-11-14 12:00:00,0.023510878680586
2019-11-14 13:00:00,0.0231318344591003
2019-11-14 14:00:00,0.0232383527290825
2019-11-14 15:00:00,0.0231718632899991
2019-11-14 16:00:00,0.0229475915544395
2019-11-14 17:00:00,0.0230202487402735
2019-11-14 18:00:00,0.022932790197201
2019-11-14 19:00:00,0.022979734589784
2019-11-14 20:00:00,0.0230118277373172
2019-11-14 21:00:00,0.0228960757089087
2019-11-14 22:00:00,0.0226454754138548
2019-11-14 23:00:00,0.0225281407219136
2019-11-15 00:00:00,0.0224782878153604
2019-11-15 01:00:00,0.0222178838975928
2019-11-15 02:00:00,0.0224209091493641
2019-11-15 03:00:00,0.0225998319172405
2019-11-15 04:00:00,0.0221003470006664
2019-11-15 05:00:00,0.0222639694345013
2019-11-15 06:00:00,0.0224063484863439
2019-11-15 07:00:00,0.02211976490889
2019-11-15 08:00:00,0.0232404114523614
2019-11-15 09:00:00,0.0229077947677521
2019-11-15 10:00:00,0.0244925944928287
2019-11-15 11:00:00,0.0244649010209432
2019-11-15 12:00:00,0.0249691694143603
2019-11-15 13:00:00,0.0248916065659319
2019-11-15 14:00:00,0.0254946582809747
2019-11-15 15:00:00,0.025365220653395
2019-11-15 16:00:00,0.025229553963948
2019-11-15 17:00:00,0.0254079530769751
2019-11-15 18:00:00,0.0252458974409748
2019-11-15 19:00:00,0.0255359206871031
2019-11-15 20:00:00,0.0253443872179364
2019-11-15 21:00:00,0.0251512014806963
2019-11-15 22:00:00,0.0256607094756625
2019-11-15 23:00:00,0.0252931771390816
2019-11-16 00:00:00,0.0235754786305424
2019-11-16 01:00:00,0.0236476483006758
2019-11-16 02:00:00,0.0227006099696982
2019-11-16 03:00:00,0.0229804090558652
2019-11-16 04:00:00,0.0228470731548374
2019-11-16 05:00:00,0.0225239010015041
2019-11-16 06:00:00,0.0223938292928541
2019-11-16 07:00:00,0.0231558826630209
2019-11-16 08:00:00,0.0231561384954553
2019-11-16 09:00:00,0.0234857971356863
2019-11-16 10:00:00,0.0241138064555244
2019-11-16 11:00:00,0.0250095298816753
2019-11-16 12:00:00,0.0248749084888225
2019-11-16 13:00:00,0.0255079943675174
2019-11-16 14:00:00,0.025927943198365
2019-11-16 15:00:00,0.0264463489008158
2019-11-16 16:00:00,0.0257649220901257
2019-11-16 17:00:00,0.0262319370544013
2019-11-16 18:00:00,0.0259683480076145
2019-11-16 19:00:00,0.0255754717886987
2019-11-16 20:00:00,0.025711041075791
2019-11-16 21:00:00,0.0259457514900099
2019-11-16 22:00:00,0.0255343570405575
2019-11-16 23:00:00,0.0254952491003095
2019-11-17 00:00:00,0.040094457201878
2019-11-17 01:00:00,0.0392487051475729
2019-11-17 02:00:00,0.0394494645082846
2019-11-17 03:00:00,0.0398932081349148
2019-11-17 04:00:00,0.0389844961060142
2019-11-17 05:00:00,0.039017445323303
2019-11-17 06:00:00,0.0387031594455323
2019-11-17 07:00:00,0.0389220025850037
2019-11-17 08:00:00,0.0387950453805459
2019-11-17 09:00:00,0.0388829150816594
2019-11-17 10:00:00,0.0389056470852598
2019-11-17 11:00:00,0.0388703127936125
2019-11-17 12:00:00,0.0394665890418366
2019-11-17 13:00:00,0.0397196343559649
2019-11-17 14:00:00,0.0398852181005367
2019-11-17 15:00:00,0.0403762361559572
2019-11-17 16:00:00,0.0399736638628223
2019-11-17 17:00:00,0.0395564025318649
2019-11-17 18:00:00,0.0398444518055072
2019-11-17 19:00:00,0.0393516433435597
2019-11-17 20:00:00,0.0391875846644343
2019-11-17 21:00:00,0.0389849595211054
2019-11-17 22:00:00,0.0389020388357331
2019-11-17 23:00:00,0.0383303855305765
2019-11-18 00:00:00,0.0235443483053093
2019-11-18 01:00:00,0.024139103113356
2019-11-18 02:00:00,0.0241245921263626
2019-11-18 03:00:00,0.0232855336700499
2019-11-18 04:00:00,0.0232848737610691
2019-11-18 05:00:00,0.023530497410194
2019-11-18 06:00:00,0.0227369610823036
2019-11-18 07:00:00,0.0237125799058155
2019-11-18 08:00:00,0.0234042862127986
2019-11-18 09:00:00,0.0235753268900663
2019-11-18 10:00:00,0.0239518484209675
2019-11-18 11:00:00,0.0242890160916982
2019-11-18 12:00:00,0.0248074737042678
2019-11-18 13:00:00,0.0252740529251039
2019-11-18 14:00:00,0.0250671366371122
2019-11-18 15:00:00,0.025265799142776
2019-11-18 16:00:00,0.0252366687899563
2019-11-18 17:00:00,0.0246154252953623
2019-11-18 18:00:00,0.0247773300342153
2019-11-18 19:00:00,0.0252801566730785
2019-11-18 20:00:00,0.0255518114403497
2019-11-18 21:00:00,0.0250896552820379
2019-11-18 22:00:00,0.0248160244606233
2019-11-18 23:00:00,0.0248794140313606
2019-11-19 00:00:00,0.00964584229230425
2019-11-19 01:00:00,0.00988150332999815
2019-11-19 02:00:00,0.0101093311633917
2019-11-19 03:00:00,0.0100081545615467
2019-11-19 04:00:00,0.00959086635595874
2019-11-19 05:00:00,0.00918454595717222
2019-11-19 06:00:00,0.00972556685441894
2019-11-19 07:00:00,0.00870381621533944
2019-11-19 08:00:00,0.00862871301306356
2019-11-19 09:00:00,0.0103786035388023
2019-11-19 10:00:00,0.0123737809343751
2019-11-19 11:00:00,0.0134070234035519
2019-11-19 12:00:00,0.016437117942159
2019-11-19 13:00:00,0.018174450922098
2019-11-19 14:00:00,0.0198138381213528
2019-11-19 15:00:00,0.0216254615387079
2019-11-19 16:00:00,0.0225094249402122
2019-11-19 17:00:00,0.0217515206950392
2019-11-19 18:00:00,0.021031542432036
2019-11-19 19:00:00,0.0213531244705685
2019-11-19 20:00:00,0.0209066848193142
2019-11-19 21:00:00,0.0204785313435405
2019-11-19 22:00:00,0.0200675630508087
2019-11-19 23:00:00,0.0196727655987061
2019-11-20 00:00:00,0.01574259126886
2019-11-20 01:00:00,0.0151408804465927
2019-11-20 02:00:00,0.0159719455660525
2019-11-20 03:00:00,0.0157208477869482
2019-11-20 04:00:00,0.0165008900352506
2019-11-20 05:00:00,0.0172388923462004
2019-11-20 06:00:00,0.0169467421699476
2019-11-20 07:00:00,0.0150427951030689
2019-11-20 08:00:00,0.015778784937531
2019-11-20 09:00:00,0.0158481922400231
2019-11-20 10:00:00,0.0152912949840527
2019-11-20 11:00:00,0.0156709306199154
2019-11-20 12:00:00,0.0154291368154897
2019-11-20 13:00:00,0.0160813471526957
2019-11-20 14:00:00,0.0164082204511047
2019-11-20 15:00:00,0.0164292497810674
2019-11-20 16:00:00,0.0167261163699077
2019-11-20 17:00:00,0.0164509495636125
2019-11-20 18:00:00,0.0161846901348692
2019-11-20 19:00:00,0.0164623877017966
2019-11-20 20:00:00,0.0161957608830683
2019-11-20 21:00:00,0.0161968013058171
2019-11-20 22:00:00,0.0167034591476352
2019-11-20 23:00:00,0.0164290312201523
2020-06-19 00:00:00,0.0557951614544328
2020-06-19 01:00:00,0.0550432119782398
2020-06-19 02:00:00,0.0550832937759447
2020-06-19 03:00:00,0.0541765455370919
2020-06-19 04:00:00,0.0536321549157952
2020-06-19 05:00:00,0.0547933165776513
2020-06-19 06:00:00,0.053955707470327
2020-06-19 07:00:00,0.0540496126913759
2020-06-19 08:00:00,0.0551842883354254
2020-06-19 09:00:00,0.0548562257454126
2020-06-19 10:00:00,0.0552321481460449
2020-06-19 11:00:00,0.054887044064861
2020-06-19 12:00:00,0.0549235231690002
2020-06-19 13:00:00,0.0554852661256593
2020-06-19 14:00:00,0.056234380686222
2020-06-19 15:00:00,0.0550751545828625
2020-06-19 16:00:00,0.0560598299964283
2020-06-19 17:00:00,0.0558197327226591
2020-06-19 18:00:00,0.0561457760346862
2020-06-19 19:00:00,0.0559328765566143
2020-06-19 20:00:00,0.0555918598922798
2020-06-19 21:00:00,0.0554366016574228
2020-06-19 22:00:00,0.0547343864183905
2020-06-19 23:00:00,0.0543794614508606
2020-06-20 00:00:00,0.0222787118476884
2020-06-20 01:00:00,0.0226726760145777
2020-06-20 02:00:00,0.0225998319172414
2020-06-20 03:00:00,0.0225206033632279
2020-06-20 04:00:00,0.0232568621642679
2020-06-20 05:00:00,0.0227282510775559
2020-06-20 06:00:00,0.0230077582451278
2020-06-20 07:00:00,0.0224902848940722
2020-06-20 08:00:00,0.0227454839889702
2020-06-20 09:00:00,0.0218729758100746
2020-06-20 10:00:00,0.0221223890348261
2020-06-20 11:00:00,0.022345317032257
2020-06-20 12:00:00,0.0225430042158772
2020-06-20 13:00:00,0.0230518681951022
2020-06-20 14:00:00,0.0222047233930187
2020-06-20 15:00:00,0.0230044163587078
2020-06-20 16:00:00,0.0231132657362583
2020-06-20 17:00:00,0.022897039912575
2020-06-20 18:00:00,0.0226835674803816
2020-06-20 19:00:00,0.022765210773013
2020-06-20 20:00:00,0.0222584706009421
2020-06-20 21:00:00,0.0223330836804703
2020-06-20 22:00:00,0.0226654257601897
2020-06-20 23:00:00,0.0229646725782757
2020-06-21 00:00:00,0.0388898855298336
2020-06-21 01:00:00,0.0396448313472408
2020-06-21 02:00:00,0.0411046400846011
2020-06-21 03:00:00,0.0386662176484274
2020-06-21 04:00:00,0.0391893410963693
2020-06-21 05:00:00,0.0392207131532816
2020-06-21 06:00:00,0.0402788606244009
2020-06-21 07:00:00,0.0397638470491355
2020-06-21 08:00:00,0.0395821033046477
2020-06-21 09:00:00,0.0400053346136993
2020-06-21 10:00:00,0.0409377062439109
2020-06-21 11:00:00,0.0402170599643661
2020-06-21 12:00:00,0.0412249956991548
2020-06-21 13:00:00,0.0404123543151673
2020-06-21 14:00:00,0.041466419447941
2020-06-21 15:00:00,0.0418277778587512
2020-06-21 16:00:00,0.0420778027978166
2020-06-21 17:00:00,0.0417661270001393
2020-06-21 18:00:00,0.0416443971835125
2020-06-21 19:00:00,0.0414690916916189
2020-06-21 20:00:00,0.0412472549987033
2020-06-21 21:00:00,0.0413769425489257
2020-06-21 22:00:00,0.0406731680946724
2020-06-21 23:00:00,0.0407091849990131
2020-06-22 00:00:00,0.0213472802596986
2020-06-22 01:00:00,0.0212987757894405
2020-06-22 02:00:00,0.0212439145760435
2020-06-22 03:00:00,0.0215641779158409
2020-06-22 04:00:00,0.0214818888158996
2020-06-22 05:00:00,0.0206649420067704
2020-06-22 06:00:00,0.021677149377032
2020-06-22 07:00:00,0.0212172032643867
2020-06-22 08:00:00,0.0221462338208323
2020-06-22 09:00:00,0.0230050740740877
2020-06-22 10:00:00,0.0231415285616929
2020-06-22 11:00:00,0.0242142581205957
2020-06-22 12:00:00,0.0245759060488364
2020-06-22 13:00:00,0.0245939232605057
2020-06-22 14:00:00,0.0254848149913816
2020-06-22 15:00:00,0.0257173729078062
2020-06-22 16:00:00,0.0253538719617907
2020-06-22 17:00:00,0.0252756130012664
2020-06-22 18:00:00,0.0251875197385054
2020-06-22 19:00:00,0.0250904486284753
2020-06-22 20:00:00,0.024730781257718
2020-06-22 21:00:00,0.0246305489751464
2020-06-22 22:00:00,0.0250074321166256
2020-06-22 23:00:00,0.0248697657397319
2020-06-23 00:00:00,0.0428885509699013
2020-06-23 01:00:00,0.0436621329976612
2020-06-23 02:00:00,0.0428763636691647
2020-06-23 03:00:00,0.0424439874313274
2020-06-23 04:00:00,0.0413537679972915
2020-06-23 05:00:00,0.0418549536571895
2020-06-23 06:00:00,0.0416414812249961
2020-06-23 07:00:00,0.0416667080718192
2020-06-23 08:00:00,0.0421608108242797
2020-06-23 09:00:00,0.0425258847619912
2020-06-23 10:00:00,0.0430228292456434
2020-06-23 11:00:00,0.0433849693682582
2020-06-23 12:00:00,0.0440804371410906
2020-06-23 13:00:00,0.0448266750134376
2020-06-23 14:00:00,0.0451874520298947
2020-06-23 15:00:00,0.0454162783820884
2020-06-23 16:00:00,0.0459071600693672
2020-06-23 17:00:00,0.0449784335288772
2020-06-23 18:00:00,0.0447743546402268
2020-06-23 19:00:00,0.0450084423664485
2020-06-23 20:00:00,0.0448113790796683
2020-06-23 21:00:00,0.0442522695575871
2020-06-23 22:00:00,0.0442609059200532
2020-06-23 23:00:00,0.0439101837925211
2020-06-24 00:00:00,0.0329050019114447
2020-06-24 01:00:00,0.0327370259063198
2020-06-24 02:00:00,0.0322105768487386
2020-06-24 03:00:00,0.0317007677180747
2020-06-24 04:00:00,0.0318467205863513
2020-06-24 05:00:00,0.0321034650591692
2020-06-24 06:00:00,0.0320051699915922
2020-06-24 07:00:00,0.0321751485446953
2020-06-24 08:00:00,0.0327195413456458
2020-06-24 09:00:00,0.0334516332158117
2020-06-24 10:00:00,0.0340782625431792
2020-06-24 11:00:00,0.0352408200052192
2020-06-24 12:00:00,0.0364899458893664
2020-06-24 13:00:00,0.0368567015225967
2020-06-24 14:00:00,0.0380458674150859
2020-06-24 15:00:00,0.0388365913470281
2020-06-24 16:00:00,0.0389604069141178
2020-06-24 17:00:00,0.0389138135635712
2020-06-24 18:00:00,0.0389138747323745
2020-06-24 19:00:00,0.0386714853276242
2020-06-24 20:00:00,0.0380413405290394
2020-06-24 21:00:00,0.0378602464384414
2020-06-24 22:00:00,0.0374804864846983
2020-06-24 23:00:00,0.0370109378566159
2020-06-30 00:00:00,0.0442294738510718
2020-06-30 01:00:00,0.0452366149607739
2020-06-30 02:00:00,0.0453425059315729
2020-06-30 03:00:00,0.045019358816039
2020-06-30 04:00:00,0.0446517083005151
2020-06-30 05:00:00,0.0442468487363854
2020-06-30 06:00:00,0.0440988559893842
2020-06-30 07:00:00,0.0449893129791281
2020-06-30 08:00:00,0.0451568253087959
2020-06-30 09:00:00,0.0464722304769545
2020-06-30 10:00:00,0.0463261365122154
2020-06-30 11:00:00,0.0472491999059397
2020-06-30 12:00:00,0.0472985772039376
2020-06-30 13:00:00,0.0489043022455
2020-06-30 14:00:00,0.048404710589578
2020-06-30 15:00:00,0.0495618635461383
2020-06-30 16:00:00,0.0493723536661594
2020-06-30 17:00:00,0.0489265991242789
2020-06-30 18:00:00,0.0495694355901257
2020-06-30 19:00:00,0.0493927553295759
2020-06-30 20:00:00,0.048834295769872
2020-06-30 21:00:00,0.0482436356627751
2020-06-30 22:00:00,0.0478953214751439
2020-06-30 23:00:00,0.0472364393755171
2020-07-01 00:00:00,0.106264984013459
2020-07-01 01:00:00,0.10430816614099
2020-07-01 02:00:00,0.102065265711561
2020-07-01 03:00:00,0.100229518587915
2020-07-01 04:00:00,0.0978694046823616
2020-07-01 05:00:00,0.0973427619426701
2020-07-01 06:00:00,0.097023564812849
2020-07-01 07:00:00,0.0988625111060699
2020-07-01 08:00:00,0.101183491104763
2020-07-01 09:00:00,0.1034572594439
2020-07-01 10:00:00,0.105698541109533
2020-07-01 11:00:00,0.108274862734168
2020-07-01 12:00:00,0.110513913226557
2020-07-01 13:00:00,0.112590643371433
2020-07-01 14:00:00,0.114444076426576
2020-07-01 15:00:00,0.116519904728628
2020-07-01 16:00:00,0.118342332607208
2020-07-01 17:00:00,0.120118715224688
2020-07-01 18:00:00,0.120398878321328
2020-07-01 19:00:00,0.118954636946635
2020-07-01 20:00:00,0.116075326644767
2020-07-01 21:00:00,0.113110539125406
2020-07-01 22:00:00,0.110265432022098
2020-07-01 23:00:00,0.107605369415214
2020-07-02 00:00:00,0.0692453318890074
2020-07-02 01:00:00,0.0688628768490478
2020-07-02 02:00:00,0.0685756912400741
2020-07-02 03:00:00,0.068249100534107
2020-07-02 04:00:00,0.0679738339259792
2020-07-02 05:00:00,0.0678119600695393
2020-07-02 06:00:00,0.0678027184175942
2020-07-02 07:00:00,0.0676646994716243
2020-07-02 08:00:00,0.0674840313673268
2020-07-02 09:00:00,0.0677855064142356
2020-07-02 10:00:00,0.0678117655172752
2020-07-02 11:00:00,0.0679551681769528
2020-07-02 12:00:00,0.0678424532273301
2020-07-02 13:00:00,0.0681229592500863
2020-07-02 14:00:00,0.0683011947477272
2020-07-02 15:00:00,0.0684660704738462
2020-07-02 16:00:00,0.0687615767183054
2020-07-02 17:00:00,0.0688234165574588
2020-07-02 18:00:00,0.0689724620741288
2020-07-02 19:00:00,0.0687309137082845
2020-07-02 20:00:00,0.0685837625826817
2020-07-02 21:00:00,0.0682017494540563
2020-07-02 22:00:00,0.0678211660949692
2020-07-02 23:00:00,0.067457231007241
2020-07-03 00:00:00,0.0289637732735404
2020-07-03 01:00:00,0.0289336706231378
2020-07-03 02:00:00,0.0286286476315922
2020-07-03 03:00:00,0.0285733724440558
2020-07-03 04:00:00,0.0285002848589944
2020-07-03 05:00:00,0.0286444012970204
2020-07-03 06:00:00,0.0289808690730595
2020-07-03 07:00:00,0.0283849652348476
2020-07-03 08:00:00,0.0284585296311501
2020-07-03 09:00:00,0.0287121264334544
2020-07-03 10:00:00,0.028922126676969
2020-07-03 11:00:00,0.0285021785074715
2020-07-03 12:00:00,0.0288583984788247
2020-07-03 13:00:00,0.0293474786320171
2020-07-03 14:00:00,0.0292311641670704
2020-07-03 15:00:00,0.0287508711830124
2020-07-03 16:00:00,0.0286275800641835
2020-07-03 17:00:00,0.0294828724732419
2020-07-03 18:00:00,0.029600469776291
2020-07-03 19:00:00,0.029060794263124
2020-07-03 20:00:00,0.0291476379151394
2020-07-03 21:00:00,0.0290566519412288
2020-07-03 22:00:00,0.0288070871332611
2020-07-03 23:00:00,0.0292484291262323
2020-07-04 00:00:00,0.060827941741036
2020-07-04 01:00:00,0.0617173986708917
2020-07-04 02:00:00,0.0597762163820272
2020-07-04 03:00:00,0.0595104695467503
2020-07-04 04:00:00,0.0598259999670496
2020-07-04 05:00:00,0.0588613700962926
2020-07-04 06:00:00,0.0591651226519812
2020-07-04 07:00:00,0.0604527759045119
2020-07-04 08:00:00,0.0601752118841024
2020-07-04 09:00:00,0.060827674373904
2020-07-04 10:00:00,0.0604016599260682
2020-07-04 11:00:00,0.0608044941075931
2020-07-04 12:00:00,0.0609349136342718
2020-07-04 13:00:00,0.0610492502729212
2020-07-04 14:00:00,0.0621343385634638
2020-07-04 15:00:00,0.0624417703319562
2020-07-04 16:00:00,0.0631789016215301
2020-07-04 17:00:00,0.062237758889923
2020-07-04 18:00:00,0.0626355709914854
2020-07-04 19:00:00,0.0624497728980167
2020-07-04 20:00:00,0.0615252330062876
2020-07-04 21:00:00,0.0619631913598386
2020-07-04 22:00:00,0.0611402186311576
2020-07-04 23:00:00,0.0603606123676439
2020-07-05 00:00:00,0.0644826411677313
2020-07-05 01:00:00,0.064905176459491
2020-07-05 02:00:00,0.0646367095612348
2020-07-05 03:00:00,0.0631338162975483
2020-07-05 04:00:00,0.0636091229100151
2020-07-05 05:00:00,0.0634635030325601
2020-07-05 06:00:00,0.063110561448978
2020-07-05 07:00:00,0.0644670695995462
2020-07-05 08:00:00,0.0648399226569065
2020-07-05 09:00:00,0.0653700437346494
2020-07-05 10:00:00,0.0655524740976752
2020-07-05 11:00:00,0.0658595252926837
2020-07-05 12:00:00,0.06623880750438
2020-07-05 13:00:00,0.0666477815694382
2020-07-05 14:00:00,0.0675590585647221
2020-07-05 15:00:00,0.0680245883123423
2020-07-05 16:00:00,0.0681198626540844
2020-07-05 17:00:00,0.0680495864270299
2020-07-05 18:00:00,0.068607440763353
2020-07-05 19:00:00,0.0681701224304092
2020-07-05 20:00:00,0.0676395775315921
2020-07-05 21:00:00,0.0670314847121318
2020-07-05 22:00:00,0.0664578383714343
2020-07-05 23:00:00,0.0662732970785811
2020-07-06 00:00:00,0.02032171243488
2020-07-06 01:00:00,0.0202027073175195
2020-07-06 02:00:00,0.0198026272961798
2020-07-06 03:00:00,0.0194180858571009
2020-07-06 04:00:00,0.019587133275305
2020-07-06 05:00:00,0.0205313171125105
2020-07-06 06:00:00,0.0201182487496752
2020-07-06 07:00:00,0.0197214741093514
2020-07-06 08:00:00,0.0193400477354384
2020-07-06 09:00:00,0.0197050710793327
2020-07-06 10:00:00,0.0200417187498001
2020-07-06 11:00:00,0.0198823117458016
2020-07-06 12:00:00,0.0199542583642973
2020-07-06 13:00:00,0.0200143137398037
2020-07-06 14:00:00,0.0198423631849778
2020-07-06 15:00:00,0.0203219055111461
2020-07-06 16:00:00,0.0201291592960366
2020-07-06 17:00:00,0.0205630409479642
2020-07-06 18:00:00,0.0201487079364213
2020-07-06 19:00:00,0.0199502838473116
2020-07-06 20:00:00,0.019560042752321
2020-07-06 21:00:00,0.0197604259998254
2020-07-06 22:00:00,0.01956563506503
2020-07-06 23:00:00,0.019928027007925
2020-07-07 00:00:00,0.0318723862388612
2020-07-07 01:00:00,0.0312257313367414
2020-07-07 02:00:00,0.0302801373985639
2020-07-07 03:00:00,0.0300264688324265
2020-07-07 04:00:00,0.0303860495924511
2020-07-07 05:00:00,0.0306875060137912
2020-07-07 06:00:00,0.0303544742924196
2020-07-07 07:00:00,0.0308684125732679
2020-07-07 08:00:00,0.0315815720502997
2020-07-07 09:00:00,0.0306146358196067
2020-07-07 10:00:00,0.0317569632896824
2020-07-07 11:00:00,0.0325170425705892
2020-07-07 12:00:00,0.03293382167125
2020-07-07 13:00:00,0.0332774068538253
2020-07-07 14:00:00,0.0335533016286309
2020-07-07 15:00:00,0.0337668624708165
2020-07-07 16:00:00,0.0337134552829603
2020-07-07 17:00:00,0.0334258475546694
2020-07-07 18:00:00,0.0337189051266851
2020-07-07 19:00:00,0.033188459869244
2020-07-07 20:00:00,0.0335915143738124
2020-07-07 21:00:00,0.0328549406715197
2020-07-07 22:00:00,0.0330132154708664
2020-07-07 23:00:00,0.0321244868037684
2020-07-08 00:00:00,0.0288191507245585
2020-07-08 01:00:00,0.0290819106248357
2020-07-08 02:00:00,0.028675799976666
2020-07-08 03:00:00,0.0286846136619694
2020-07-08 04:00:00,0.0284738001779807
2020-07-08 05:00:00,0.0288304770331305
2020-07-08 06:00:00,0.02894939004611
2020-07-08 07:00:00,0.0295749923348261
2020-07-08 08:00:00,0.0295989707045905
2020-07-08 09:00:00,0.0299351442357505
2020-07-08 10:00:00,0.0303812383434998
2020-07-08 11:00:00,0.0304427653896564
2020-07-08 12:00:00,0.0309359678196266
2020-07-08 13:00:00,0.0316568818218563
2020-07-08 14:00:00,0.031847008088759
2020-07-08 15:00:00,0.032270075942062
2020-07-08 16:00:00,0.0323500700748163
2020-07-08 17:00:00,0.0326537776557867
2020-07-08 18:00:00,0.0328959990969402
2020-07-08 19:00:00,0.0328350299435307
2020-07-08 20:00:00,0.0327460740285623
2020-07-08 21:00:00,0.0322854829873567
2020-07-08 22:00:00,0.0320591284071341
2020-07-08 23:00:00,0.0314969324554966
2020-07-09 00:00:00,0.0450487602679761
2020-07-09 01:00:00,0.0443228479397657
2020-07-09 02:00:00,0.0443812928903853
2020-07-09 03:00:00,0.0434232594578887
2020-07-09 04:00:00,0.042505490358705
2020-07-09 05:00:00,0.0435002472303179
2020-07-09 06:00:00,0.0436445016224916
2020-07-09 07:00:00,0.0449406406055033
2020-07-09 08:00:00,0.0471785602750909
2020-07-09 09:00:00,0.0494482754139813
2020-07-09 10:00:00,0.0512932943875501
2020-07-09 11:00:00,0.0535152862996764
2020-07-09 12:00:00,0.0564716079205816
2020-07-09 13:00:00,0.0585755642683043
2020-07-09 14:00:00,0.0606914189602126
2020-07-09 15:00:00,0.0631549096915442
2020-07-09 16:00:00,0.0645886854256243
2020-07-09 17:00:00,0.0649969374934312
2020-07-09 18:00:00,0.0650011322550963
2020-07-09 19:00:00,0.0642907203681222
2020-07-09 20:00:00,0.0630271565529537
2020-07-09 21:00:00,0.0618215919154022
2020-07-09 22:00:00,0.060797510812078
2020-07-09 23:00:00,0.0592539338725171
2020-07-14 00:00:00,0.0826811302499912
2020-07-14 01:00:00,0.0815410827481422
2020-07-14 02:00:00,0.0799719688060367
2020-07-14 03:00:00,0.0788867369567239
2020-07-14 04:00:00,0.0778725265853097
2020-07-14 05:00:00,0.0778373222882962
2020-07-14 06:00:00,0.0788223494046125
2020-07-14 07:00:00,0.0804868690692651
2020-07-14 08:00:00,0.0820225142992275
2020-07-14 09:00:00,0.0836688120934443
2020-07-14 10:00:00,0.0852560405041096
2020-07-14 11:00:00,0.0869142871157411
2020-07-14 12:00:00,0.0885651105779885
2020-07-14 13:00:00,0.0900113002941652
2020-07-14 14:00:00,0.0914377774055133
2020-07-14 15:00:00,0.0929705175514144
2020-07-14 16:00:00,0.0940082192258469
2020-07-14 17:00:00,0.094340514335272
2020-07-14 18:00:00,0.0941577265980769
2020-07-14 19:00:00,0.0930688247582925
2020-07-14 20:00:00,0.0913508506701959
2020-07-14 21:00:00,0.0896540370557393
2020-07-14 22:00:00,0.0879210483605757
2020-07-14 23:00:00,0.0862980713232187
2020-07-15 00:00:00,0.0709448376555422
2020-07-15 01:00:00,0.0695743704575769
2020-07-15 02:00:00,0.0688119969287992
2020-07-15 03:00:00,0.0678975900781573
2020-07-15 04:00:00,0.0672255421637065
2020-07-15 05:00:00,0.0670688598065468
2020-07-15 06:00:00,0.0677908680033319
2020-07-15 07:00:00,0.0694958112009019
2020-07-15 08:00:00,0.0711198765254313
2020-07-15 09:00:00,0.0727641071589886
2020-07-15 10:00:00,0.0743022775664581
2020-07-15 11:00:00,0.0759471191212544
2020-07-15 12:00:00,0.0774682911297493
2020-07-15 13:00:00,0.0789279750244329
2020-07-15 14:00:00,0.0803962882508191
2020-07-15 15:00:00,0.0819094344772964
2020-07-15 16:00:00,0.0833614353707119
2020-07-15 17:00:00,0.0844609786502559
2020-07-15 18:00:00,0.0848325040718727
2020-07-15 19:00:00,0.0841099696115819
2020-07-15 20:00:00,0.0826917158451135
2020-07-15 21:00:00,0.0812565958485933
2020-07-15 22:00:00,0.0799030862824299
2020-07-15 23:00:00,0.0784336772049397
2020-07-16 00:00:00,0.068388939553973
2020-07-16 01:00:00,0.0679685322075034
2020-07-16 02:00:00,0.0681191274383544
2020-07-16 03:00:00,0.0677748287566988
2020-07-16 04:00:00,0.0673820873651962
2020-07-16 05:00:00,0.0678949218257383
2020-07-16 06:00:00,0.0677342180797549
2020-07-16 07:00:00,0.0675991017077759
2020-07-16 08:00:00,0.0672094421180827
2020-07-16 09:00:00,0.0672216979457598
2020-07-16 10:00:00,0.0674096980249832
2020-07-16 11:00:00,0.0674978658853771
2020-07-16 12:00:00,0.0671928815891327
2020-07-16 13:00:00,0.0670391012782545
2020-07-16 14:00:00,0.0669002200014948
2020-07-16 15:00:00,0.0670010977174158
2020-07-16 16:00:00,0.0669627647490767
2020-07-16 17:00:00,0.0671550254900399
2020-07-16 18:00:00,0.0669058879305471
2020-07-16 19:00:00,0.0667404690772528
2020-07-16 20:00:00,0.0665675661538305
2020-07-16 21:00:00,0.066321404129452
2020-07-16 22:00:00,0.0660582859850471
2020-07-16 23:00:00,0.0658662122436269
2020-07-17 00:00:00,0.0591237460239782
2020-07-17 01:00:00,0.0581345480555857
2020-07-17 02:00:00,0.0579162855394024
2020-07-17 03:00:00,0.0579286518815714
2020-07-17 04:00:00,0.0574076971517208
2020-07-17 05:00:00,0.0572957239353986
2020-07-17 06:00:00,0.0570287325777841
2020-07-17 07:00:00,0.0564845210334131
2020-07-17 08:00:00,0.0575469543791201
2020-07-17 09:00:00,0.0574706065278097
2020-07-17 10:00:00,0.0574826441642191
2020-07-17 11:00:00,0.0577914243127147
2020-07-17 12:00:00,0.0580971437352193
2020-07-17 13:00:00,0.0584898688832958
2020-07-17 14:00:00,0.0583383825499713
2020-07-17 15:00:00,0.0586845302807468
2020-07-17 16:00:00,0.0586131862688042
2020-07-17 17:00:00,0.0585353216993241
2020-07-17 18:00:00,0.0585217468683847
2020-07-17 19:00:00,0.0581785418367602
2020-07-17 20:00:00,0.0578495329867756
2020-07-17 21:00:00,0.0575273179465388
2020-07-17 22:00:00,0.0573930609537658
2020-07-17 23:00:00,0.0566943622457075
2020-07-18 00:00:00,0.0703080942439467
2020-07-18 01:00:00,0.0707257178029401
2020-07-18 02:00:00,0.0688154983821612
2020-07-18 03:00:00,0.0687720965660858
2020-07-18 04:00:00,0.0684431755236812
2020-07-18 05:00:00,0.0681104359076485
2020-07-18 06:00:00,0.0675536340342333
2020-07-18 07:00:00,0.0674093176900854
2020-07-18 08:00:00,0.0681154659318182
2020-07-18 09:00:00,0.0684057585976365
2020-07-18 10:00:00,0.0686730761532388
2020-07-18 11:00:00,0.0696430145946199
2020-07-18 12:00:00,0.0699868085531747
2020-07-18 13:00:00,0.0707345157425099
2020-07-18 14:00:00,0.0712623343914398
2020-07-18 15:00:00,0.0714756081098891
2020-07-18 16:00:00,0.0717378553906105
2020-07-18 17:00:00,0.0714229048162629
2020-07-18 18:00:00,0.0714757503073322
2020-07-18 19:00:00,0.0709368352483573
2020-07-18 20:00:00,0.0702586410327708
2020-07-18 21:00:00,0.0696905160469985
2020-07-18 22:00:00,0.0690613857550737
2020-07-18 23:00:00,0.0683166586186239
2020-07-19 00:00:00,0.046385961986422
2020-07-19 01:00:00,0.0462128431551321
2020-07-19 02:00:00,0.0457132386649537
2020-07-19 03:00:00,0.0449429217162667
2020-07-19 04:00:00,0.0455933091167982
2020-07-19 05:00:00,0.0453998183630535
2020-07-19 06:00:00,0.0457861155346784
2020-07-19 07:00:00,0.0466465406261811
2020-07-19 08:00:00,0.0480794701419622
2020-07-19 09:00:00,0.0501434321468643
2020-07-19 10:00:00,0.0528574650251734
2020-07-19 11:00:00,0.05520410494535
2020-07-19 12:00:00,0.0578233074814651
2020-07-19 13:00:00,0.0601444652022867
2020-07-19 14:00:00,0.0623009079765957
2020-07-19 15:00:00,0.0641305651217223
2020-07-19 16:00:00,0.0650348818473869
2020-07-19 17:00:00,0.0655294881737305
2020-07-19 18:00:00,0.0654666617103921
2020-07-19 19:00:00,0.0644582353200178
2020-07-19 20:00:00,0.0634778926315018
2020-07-19 21:00:00,0.0619921907194509
2020-07-19 22:00:00,0.061041132297694
2020-07-19 23:00:00,0.0596492247794984
2020-07-31 00:00:00,0.0319989096686584
2020-07-31 01:00:00,0.0312344650617415
2020-07-31 02:00:00,0.030509320124267
2020-07-31 03:00:00,0.0306779197563323
2020-07-31 04:00:00,0.0301806171499912
2020-07-31 05:00:00,0.0297000836642809
2020-07-31 06:00:00,0.0302149798835565
2020-07-31 07:00:00,0.0300890587061353
2020-07-31 08:00:00,0.0308695356009796
2020-07-31 09:00:00,0.0317314266105253
2020-07-31 10:00:00,0.0330028196605046
2020-07-31 11:00:00,0.0336194650386741
2020-07-31 12:00:00,0.0351085927086547
2020-07-31 13:00:00,0.0367187950571086
2020-07-31 14:00:00,0.0375158358952508
2020-07-31 15:00:00,0.0380340975753732
2020-07-31 16:00:00,0.0387218079626344
2020-07-31 17:00:00,0.0386127358323716
2020-07-31 18:00:00,0.0383329030350019
2020-07-31 19:00:00,0.0377831114769815
2020-07-31 20:00:00,0.0370030691326839
2020-07-31 21:00:00,0.0363718978880918
2020-07-31 22:00:00,0.035982001558331
2020-07-31 23:00:00,0.0351600843043691
2020-08-01 00:00:00,0.0537601511415406
2020-08-01 01:00:00,0.0525803979654835
2020-08-01 02:00:00,0.0515443509184319
2020-08-01 03:00:00,0.0503283350583423
2020-08-01 04:00:00,0.049260388878329
2020-08-01 05:00:00,0.0490505433652348
2020-08-01 06:00:00,0.0489337026543026
2020-08-01 07:00:00,0.0498831147477024
2020-08-01 08:00:00,0.0509787795241312
2020-08-01 09:00:00,0.0520204599480145
2020-08-01 10:00:00,0.0532063569329555
2020-08-01 11:00:00,0.0542795580371855
2020-08-01 12:00:00,0.0550442126732218
2020-08-01 13:00:00,0.0560190859201057
2020-08-01 14:00:00,0.057021740567194
2020-08-01 15:00:00,0.0578036513018425
2020-08-01 16:00:00,0.0586876590918362
2020-08-01 17:00:00,0.0585781705355934
2020-08-01 18:00:00,0.0578083460955039
2020-08-01 19:00:00,0.0565595755682651
2020-08-01 20:00:00,0.0549779437503872
2020-08-01 21:00:00,0.0536359297993556
2020-08-01 22:00:00,0.0522425239945115
2020-08-01 23:00:00,0.0509193217915875
2020-08-02 00:00:00,0.0643536503763009
2020-08-02 01:00:00,0.0633427254487344
2020-08-02 02:00:00,0.0618891041311542
2020-08-02 03:00:00,0.0607079485215554
2020-08-02 04:00:00,0.0595189754178822
2020-08-02 05:00:00,0.0596232406333197
2020-08-02 06:00:00,0.0599219100164632
2020-08-02 07:00:00,0.0606425029604711
2020-08-02 08:00:00,0.0619364356148999
2020-08-02 09:00:00,0.062963015710908
2020-08-02 10:00:00,0.0639807526180896
2020-08-02 11:00:00,0.0646569414112594
2020-08-02 12:00:00,0.0654539545759825
2020-08-02 13:00:00,0.0665035239555891
2020-08-02 14:00:00,0.0670971855510878
2020-08-02 15:00:00,0.0680462809622711
2020-08-02 16:00:00,0.0688002074527638
2020-08-02 17:00:00,0.0694652730229333
2020-08-02 18:00:00,0.0692888900396085
2020-08-02 19:00:00,0.0678995791557817
2020-08-02 20:00:00,0.0664429484981568
2020-08-02 21:00:00,0.0649459975812601
2020-08-02 22:00:00,0.0636068348951024
2020-08-02 23:00:00,0.0621330605149986
2020-08-03 00:00:00,0.0769364260544663
2020-08-03 01:00:00,0.0760109222998082
2020-08-03 02:00:00,0.0745288504378632
2020-08-03 03:00:00,0.0739567091069961
2020-08-03 04:00:00,0.0726788482444309
2020-08-03 05:00:00,0.0710227108117341
2020-08-03 06:00:00,0.0705530448407981
2020-08-03 07:00:00,0.0702266779358798
2020-08-03 08:00:00,0.070569925680056
2020-08-03 09:00:00,0.0713876423930699
2020-08-03 10:00:00,0.0726166958421555
2020-08-03 11:00:00,0.0739089671779407
2020-08-03 12:00:00,0.0744973147306105
2020-08-03 13:00:00,0.0745979700810349
2020-08-03 14:00:00,0.0752672607986451
2020-08-03 15:00:00,0.0755572210378403
2020-08-03 16:00:00,0.0755934354124577
2020-08-03 17:00:00,0.0752363003314152
2020-08-03 18:00:00,0.0744065103698812
2020-08-03 19:00:00,0.0733737806686054
2020-08-03 20:00:00,0.0722852280204993
2020-08-03 21:00:00,0.0711575243203431
2020-08-03 22:00:00,0.0701274412417696
2020-08-03 23:00:00,0.0690202181745843
2020-08-04 00:00:00,0.035797016987912
2020-08-04 01:00:00,0.036445162949839
2020-08-04 02:00:00,0.0361732821635492
2020-08-04 03:00:00,0.035494952510998
2020-08-04 04:00:00,0.0359709720360666
2020-08-04 05:00:00,0.0359917043168227
2020-08-04 06:00:00,0.0356163001365655
2020-08-04 07:00:00,0.0360801890837532
2020-08-04 08:00:00,0.035312413293985
2020-08-04 09:00:00,0.0352092698399122
2020-08-04 10:00:00,0.0352268773732849
2020-08-04 11:00:00,0.035640840825959
2020-08-04 12:00:00,0.035687240298774
2020-08-04 13:00:00,0.0350035735733343
2020-08-04 14:00:00,0.0356653969510035
2020-08-04 15:00:00,0.034691545133489
2020-08-04 16:00:00,0.0352492436396723
2020-08-04 17:00:00,0.0349981417182192
2020-08-04 18:00:00,0.0347313780525038
2020-08-04 19:00:00,0.0342298673809012
2020-08-04 20:00:00,0.0342741484767668
2020-08-04 21:00:00,0.0343792070386026
2020-08-04 22:00:00,0.034135780821746
2020-08-04 23:00:00,0.0338782460372151
2020-08-05 00:00:00,0.0213748595847321
2020-08-05 01:00:00,0.0212233343367778
2020-08-05 02:00:00,0.0207822494954328
2020-08-05 03:00:00,0.0212103107544976
2020-08-05 04:00:00,0.0213251627780853
2020-08-05 05:00:00,0.0208798794283656
2020-08-05 06:00:00,0.0207191590339679
2020-08-05 07:00:00,0.0218631123694095
2020-08-05 08:00:00,0.0211402562168637
2020-08-05 09:00:00,0.021951177851637
2020-08-05 10:00:00,0.0227002098681925
2020-08-05 11:00:00,0.0231502983969687
2020-08-05 12:00:00,0.0244890975949748
2020-08-05 13:00:00,0.0257189836086589
2020-08-05 14:00:00,0.0261789197780793
2020-08-05 15:00:00,0.0263718018075654
2020-08-05 16:00:00,0.0271605916993778
2020-08-05 17:00:00,0.0274612073986038
2020-08-05 18:00:00,0.0269254762962436
2020-08-05 19:00:00,0.0264125693390813
2020-08-05 20:00:00,0.0261091534092444
2020-08-05 21:00:00,0.0259947796901621
2020-08-05 22:00:00,0.0255148193680625
2020-08-05 23:00:00,0.0250542392170026
2020-08-06 00:00:00,0.0377710976869992
2020-08-06 01:00:00,0.0371673243414392
2020-08-06 02:00:00,0.0373215276493006
2020-08-06 03:00:00,0.0359786010352305
2020-08-06 04:00:00,0.035881443309167
2020-08-06 05:00:00,0.036417006167083
2020-08-06 06:00:00,0.0366373291962656
2020-08-06 07:00:00,0.0384379987422729
2020-08-06 08:00:00,0.0389987797957883
2020-08-06 09:00:00,0.0405841541100482
2020-08-06 10:00:00,0.0411949030972885
2020-08-06 11:00:00,0.0427193898205704
2020-08-06 12:00:00,0.0433175656546858
2020-08-06 13:00:00,0.0445683194798772
2020-08-06 14:00:00,0.045273609823159
2020-08-06 15:00:00,0.0462414990126145
2020-08-06 16:00:00,0.0471313844555183
2020-08-06 17:00:00,0.0479394622891203
2020-08-06 18:00:00,0.0482834501986193
2020-08-06 19:00:00,0.0478725999963014
2020-08-06 20:00:00,0.0471841265054387
2020-08-06 21:00:00,0.0461585764745251
2020-08-06 22:00:00,0.0454892682518473
2020-08-06 23:00:00,0.0447168387817953
2020-08-07 00:00:00,0.0271440879975966
2020-08-07 01:00:00,0.0270126249195073
2020-08-07 02:00:00,0.0271575262911998
2020-08-07 03:00:00,0.0272718616644703
2020-08-07 04:00:00,0.0276275777399597
2020-08-07 05:00:00,0.0278035867770861
2020-08-07 06:00:00,0.0279448973257708
2020-08-07 07:00:00,0.0281779649175355
2020-08-07 08:00:00,0.0281295298785587
2020-08-07 09:00:00,0.0281809267634401
2020-08-07 10:00:00,0.0283206814070489
2020-08-07 11:00:00,0.0283164986607876
2020-08-07 12:00:00,0.0286139429907806
2020-08-07 13:00:00,0.0285506258884531
2020-08-07 14:00:00,0.0286735815569799
2020-08-07 15:00:00,0.0286650213657413
2020-08-07 16:00:00,0.0287306122594497
2020-08-07 17:00:00,0.0289546199391317
2020-08-07 18:00:00,0.0291367516308689
2020-08-07 19:00:00,0.0291040002682923
2020-08-07 20:00:00,0.0292213100615371
2020-08-07 21:00:00,0.0290558989186707
2020-08-07 22:00:00,0.0294451631760193
2020-08-07 23:00:00,0.0293075814519774
2020-08-08 00:00:00,0.0219270511274328
2020-08-08 01:00:00,0.0213221902772638
2020-08-08 02:00:00,0.0211401876594728
2020-08-08 03:00:00,0.0212178477228608
2020-08-08 04:00:00,0.0206508294614789
2020-08-08 05:00:00,0.0206038380574594
2020-08-08 06:00:00,0.020793312754666
2020-08-08 07:00:00,0.0210811496031216
2020-08-08 08:00:00,0.0212262440101565
2020-08-08 09:00:00,0.0216938206296753
2020-08-08 10:00:00,0.0225662115740128
2020-08-08 11:00:00,0.0236957115694221
2020-08-08 12:00:00,0.0242059585388947
2020-08-08 13:00:00,0.0253892340048196
2020-08-08 14:00:00,0.0258670226598046
2020-08-08 15:00:00,0.0266841205599615
2020-08-08 16:00:00,0.026943834542358
2020-08-08 17:00:00,0.02660806623871
2020-08-08 18:00:00,0.0265510424133737
2020-08-08 19:00:00,0.0258642795305608
2020-08-08 20:00:00,0.0258129310324797
2020-08-08 21:00:00,0.0254143284225687
2020-08-08 22:00:00,0.0250291841532508
2020-08-08 23:00:00,0.0243383759765123
2020-09-01 00:00:00,0.0333691411746182
2020-09-01 01:00:00,0.0322915046365235
2020-09-01 02:00:00,0.0320056746391311
2020-09-01 03:00:00,0.031714754943434
2020-09-01 04:00:00,0.0310798496413236
2020-09-01 05:00:00,0.0308025691345861
2020-09-01 06:00:00,0.0305218497692596
2020-09-01 07:00:00,0.0317886719319986
2020-09-01 08:00:00,0.0320100489179005
2020-09-01 09:00:00,0.0327607872398819
2020-09-01 10:00:00,0.0328460199625713
2020-09-01 11:00:00,0.0339764762828292
2020-09-01 12:00:00,0.0346979029810708
2020-09-01 13:00:00,0.0350551357792792
2020-09-01 14:00:00,0.036313365667862
2020-09-01 15:00:00,0.0359837335126389
2020-09-01 16:00:00,0.0363255670772169
2020-09-01 17:00:00,0.0359293360332433
2020-09-01 18:00:00,0.036798127061914
2020-09-01 19:00:00,0.035899694912187
2020-09-01 20:00:00,0.0358360836642255
2020-09-01 21:00:00,0.0355455617266252
2020-09-01 22:00:00,0.0346920280578864
2020-09-01 23:00:00,0.0349459190580905
2020-09-02 00:00:00,0.0467358101329705
2020-09-02 01:00:00,0.0459811969026616
2020-09-02 02:00:00,0.0445964866546209
2020-09-02 03:00:00,0.0445209710336716
2020-09-02 04:00:00,0.0443723228853727
2020-09-02 05:00:00,0.0433239595760302
2020-09-02 06:00:00,0.0436631429175982
2020-09-02 07:00:00,0.0443937124735836
2020-09-02 08:00:00,0.0447071577963314
2020-09-02 09:00:00,0.0453646653464048
2020-09-02 10:00:00,0.0458513429252569
2020-09-02 11:00:00,0.0472494546071189
2020-09-02 12:00:00,0.0469452761133411
2020-09-02 13:00:00,0.0475525402490806
2020-09-02 14:00:00,0.0483477841577944
2020-09-02 15:00:00,0.048579438217752
2020-09-02 16:00:00,0.0480037309380723
2020-09-02 17:00:00,0.0482001324979127
2020-09-02 18:00:00,0.0484178930453947
2020-09-02 19:00:00,0.0476315833012393
2020-09-02 20:00:00,0.0472640314449819
2020-09-02 21:00:00,0.0467147569907187
2020-09-02 22:00:00,0.0463940948389077
2020-09-02 23:00:00,0.0461421580826933
2020-09-03 00:00:00,0.0739847055896217
2020-09-03 01:00:00,0.0726187686022541
2020-09-03 02:00:00,0.0707135297321955
2020-09-03 03:00:00,0.0699335690603888
2020-09-03 04:00:00,0.0693956101150288
2020-09-03 05:00:00,0.0677169756686986
2020-09-03 06:00:00,0.0676498565307497
2020-09-03 07:00:00,0.066986287813311
2020-09-03 08:00:00,0.0677093643748741
2020-09-03 09:00:00,0.0680190867189214
2020-09-03 10:00:00,0.0687918462576089
2020-09-03 11:00:00,0.0695020569352494
2020-09-03 12:00:00,0.0705919923114564
2020-09-03 13:00:00,0.0713745915622344
2020-09-03 14:00:00,0.0717806216439225
2020-09-03 15:00:00,0.0721515824032029
2020-09-03 16:00:00,0.0717634154536366
2020-09-03 17:00:00,0.0712810621081275
2020-09-03 18:00:00,0.0703381096559088
2020-09-03 19:00:00,0.0694025925030246
2020-09-03 20:00:00,0.0682751590699375
2020-09-03 21:00:00,0.0674398432114796
2020-09-03 22:00:00,0.066364293593093
2020-09-03 23:00:00,0.0652721849536899
2020-09-04 00:00:00,0.0312585743033953
2020-09-04 01:00:00,0.0312320850296928
2020-09-04 02:00:00,0.0324274404818965
2020-09-04 03:00:00,0.0326173049238303
2020-09-04 04:00:00,0.0340913197279384
2020-09-04 05:00:00,0.0349015517590132
2020-09-04 06:00:00,0.0369885693693419
2020-09-04 07:00:00,0.038360867872445
2020-09-04 08:00:00,0.0402483533170876
2020-09-04 09:00:00,0.0418600439982377
2020-09-04 10:00:00,0.0434763308051274
2020-09-04 11:00:00,0.0451959763433685
2020-09-04 12:00:00,0.0468518708803938
2020-09-04 13:00:00,0.0483095104711602
2020-09-04 14:00:00,0.0503370222867812
2020-09-04 15:00:00,0.0514456720231617
2020-09-04 16:00:00,0.0532506413878906
2020-09-04 17:00:00,0.054464420248971
2020-09-04 18:00:00,0.0556978023428609
2020-09-04 19:00:00,0.0561676889925007
2020-09-04 20:00:00,0.0561664349454265
2020-09-04 21:00:00,0.05600242755688
2020-09-04 22:00:00,0.0557022000266301
2020-09-04 23:00:00,0.0557538205898513
2020-09-23 00:00:00,0.0743673097168394
2020-09-23 01:00:00,0.0739928088048529
2020-09-23 02:00:00,0.0737092848991399
2020-09-23 03:00:00,0.0730055458007115
2020-09-23 04:00:00,0.0727469819494395
2020-09-23 05:00:00,0.0719901965105887
2020-09-23 06:00:00,0.0712345010263586
2020-09-23 07:00:00,0.0710049255640008
2020-09-23 08:00:00,0.0706616735101342
2020-09-23 09:00:00,0.0706792125273878
2020-09-23 10:00:00,0.0706610817621804
2020-09-23 11:00:00,0.0705283603521014
2020-09-23 12:00:00,0.0707868323016196
2020-09-23 13:00:00,0.0707344354550017
2020-09-23 14:00:00,0.0706962823726958
2020-09-23 15:00:00,0.0704977626663723
2020-09-23 16:00:00,0.0702552322689378
2020-09-23 17:00:00,0.0696156722419872
2020-09-23 18:00:00,0.0689550992910597
2020-09-23 19:00:00,0.0682739593192601
2020-09-23 20:00:00,0.0675734248327249
2020-09-23 21:00:00,0.0668219561484698
2020-09-23 22:00:00,0.0659989568724537
2020-09-23 23:00:00,0.065237903378458
2020-09-24 00:00:00,0.0238315555432518
2020-09-24 01:00:00,0.0232768073719321
2020-09-24 02:00:00,0.0239303115863994
2020-09-24 03:00:00,0.023371009969491
2020-09-24 04:00:00,0.0237399873030739
2020-09-24 05:00:00,0.0236301677114117
2020-09-24 06:00:00,0.0237302960752821
2020-09-24 07:00:00,0.0244407022691124
2020-09-24 08:00:00,0.0242674980463331
2020-09-24 09:00:00,0.0246926125903713
2020-09-24 10:00:00,0.0248778871629405
2020-09-24 11:00:00,0.0252251749888384
2020-09-24 12:00:00,0.0253463301103309
2020-09-24 13:00:00,0.0256236566471966
2020-09-24 14:00:00,0.0258642795305608
2020-09-24 15:00:00,0.0258987274376636
2020-09-24 16:00:00,0.0262482260749355
2020-09-24 17:00:00,0.0257397480374646
2020-09-24 18:00:00,0.0262051808897237
2020-09-24 19:00:00,0.0259998983797782
2020-09-24 20:00:00,0.0260944080221623
2020-09-24 21:00:00,0.0260179695017513
2020-09-24 22:00:00,0.0257873191144604
2020-09-24 23:00:00,0.0256967407568567
2020-09-25 00:00:00,0.0649130229208321
2020-09-25 01:00:00,0.0639700257956264
2020-09-25 02:00:00,0.0638954393420708
2020-09-25 03:00:00,0.0631548860786726
2020-09-25 04:00:00,0.0625203569813326
2020-09-25 05:00:00,0.061966723749201
2020-09-25 06:00:00,0.0611064776590808
2020-09-25 07:00:00,0.061390793746197
2020-09-25 08:00:00,0.0612538781982703
2020-09-25 09:00:00,0.061540932204311
2020-09-25 10:00:00,0.0617105298004628
2020-09-25 11:00:00,0.0617720688729104
2020-09-25 12:00:00,0.0621155259927413
2020-09-25 13:00:00,0.0621821906848368
2020-09-25 14:00:00,0.0624661978292362
2020-09-25 15:00:00,0.0624796536273724
2020-09-25 16:00:00,0.0622685966494654
2020-09-25 17:00:00,0.061873427626816
2020-09-25 18:00:00,0.0612417861027588
2020-09-25 19:00:00,0.0609996818689726
2020-09-25 20:00:00,0.0605134180353915
2020-09-25 21:00:00,0.0600510576457403
2020-09-25 22:00:00,0.059329545924955
2020-09-25 23:00:00,0.0587934193207147
2020-09-26 00:00:00,0.0323192555263656
2020-09-26 01:00:00,0.0320468029674181
2020-09-26 02:00:00,0.0323644997996482
2020-09-26 03:00:00,0.0322741148869774
2020-09-26 04:00:00,0.0319363467197586
2020-09-26 05:00:00,0.031923459329338
2020-09-26 06:00:00,0.032090595440728
2020-09-26 07:00:00,0.0321092984882974
2020-09-26 08:00:00,0.0322915046365235
2020-09-26 09:00:00,0.0322343157497986
2020-09-26 10:00:00,0.0321504798490473
2020-09-26 11:00:00,0.0323106425989046
2020-09-26 12:00:00,0.032423874457967
2020-09-26 13:00:00,0.0320755729502622
2020-09-26 14:00:00,0.0324575444030391
2020-09-26 15:00:00,0.0323792241408132
2020-09-26 16:00:00,0.0319718351535592
2020-09-26 17:00:00,0.0323802917793525
2020-09-26 18:00:00,0.0321487286670443
2020-09-26 19:00:00,0.0321138162027328
2020-09-26 20:00:00,0.0318500421992649
2020-09-26 21:00:00,0.0319032549149778
2020-09-26 22:00:00,0.0317952303149482
2020-09-26 23:00:00,0.0316056181512252
2020-09-27 00:00:00,0.0459210445955609
2020-09-27 01:00:00,0.0451618594431888
2020-09-27 02:00:00,0.0444127398557068
2020-09-27 03:00:00,0.0443323096650001
2020-09-27 04:00:00,0.0438659771372816
2020-09-27 05:00:00,0.0433780709864369
2020-09-27 06:00:00,0.0440262487564915
2020-09-27 07:00:00,0.0445143913512833
2020-09-27 08:00:00,0.0457807459745556
2020-09-27 09:00:00,0.0480503475851144
2020-09-27 10:00:00,0.0501511471523308
2020-09-27 11:00:00,0.0525213636714561
2020-09-27 12:00:00,0.054519914804489
2020-09-27 13:00:00,0.0566759306504885
2020-09-27 14:00:00,0.0579458863191071
2020-09-27 15:00:00,0.0584744828051118
2020-09-27 16:00:00,0.0584798147169483
2020-09-27 17:00:00,0.0579800716515493
2020-09-27 18:00:00,0.0576085701765923
2020-09-27 19:00:00,0.057192080756316
2020-09-27 20:00:00,0.056466611667771
2020-09-27 21:00:00,0.055816517731369
2020-09-27 22:00:00,0.0551671038249157
2020-09-27 23:00:00,0.0545766553637055
2020-09-28 00:00:00,0.075787340379895
2020-09-28 01:00:00,0.0737373272273132
2020-09-28 02:00:00,0.0726517410289844
2020-09-28 03:00:00,0.0714343782948763
2020-09-28 04:00:00,0.0702122952234792
2020-09-28 05:00:00,0.0691578743748771
2020-09-28 06:00:00,0.069003870711505
2020-09-28 07:00:00,0.0693008006656743
2020-09-28 08:00:00,0.0716521676714503
2020-09-28 09:00:00,0.0757020695593944
2020-09-28 10:00:00,0.0795179861216777
2020-09-28 11:00:00,0.0832396005740605
2020-09-28 12:00:00,0.0864536463678398
2020-09-28 13:00:00,0.0898702967701457
2020-09-28 14:00:00,0.0929745989379498
2020-09-28 15:00:00,0.095833244978099
2020-09-28 16:00:00,0.0975814892403957
2020-09-28 17:00:00,0.0968498259899189
2020-09-28 18:00:00,0.095570159965197
2020-09-28 19:00:00,0.0939759767179584
2020-09-28 20:00:00,0.0923462134968105
2020-09-28 21:00:00,0.090776244665177
2020-09-28 22:00:00,0.0893057459184714
2020-09-28 23:00:00,0.087869333163253
2020-09-29 00:00:00,0.063360433430141
2020-09-29 01:00:00,0.0628179848891239
2020-09-29 02:00:00,0.0608416592562442
2020-09-29 03:00:00,0.0600116889133968
2020-09-29 04:00:00,0.0593133670948021
2020-09-29 05:00:00,0.0587194273186267
2020-09-29 06:00:00,0.0582072239401246
2020-09-29 07:00:00,0.0584046858883127
2020-09-29 08:00:00,0.0591498566789923
2020-09-29 09:00:00,0.0615919997604202
2020-09-29 10:00:00,0.0647533669865012
2020-09-29 11:00:00,0.0679898623757822
2020-09-29 12:00:00,0.0712816034097994
2020-09-29 13:00:00,0.0740495660561091
2020-09-29 14:00:00,0.0757027823919536
2020-09-29 15:00:00,0.0761673947365793
2020-09-29 16:00:00,0.075969996711823
2020-09-29 17:00:00,0.0752609730121012
2020-09-29 18:00:00,0.0743139453779307
2020-09-29 19:00:00,0.0729120000447505
2020-09-29 20:00:00,0.0715018787534145
2020-09-29 21:00:00,0.0701551611136608
2020-09-29 22:00:00,0.0688088251067445
2020-09-29 23:00:00,0.0675240884625961
2020-09-30 00:00:00,0.0501156691287878
2020-09-30 01:00:00,0.0496781848298653
2020-09-30 02:00:00,0.0483420237333245
2020-09-30 03:00:00,0.0474038050738823
2020-09-30 04:00:00,0.0467986141395933
2020-09-30 05:00:00,0.0463240716742384
2020-09-30 06:00:00,0.045818310462602
2020-09-30 07:00:00,0.0462264292194536
2020-09-30 08:00:00,0.0468733531550924
2020-09-30 09:00:00,0.0484368266492314
2020-09-30 10:00:00,0.0501471345069167
2020-09-30 11:00:00,0.0519421334518846
2020-09-30 12:00:00,0.0538702967670179
2020-09-30 13:00:00,0.0552682842730245
2020-09-30 14:00:00,0.0564840217952423
2020-09-30 15:00:00,0.0570807107434419
2020-09-30 16:00:00,0.0574127970598557
2020-09-30 17:00:00,0.0569689914621314
2020-09-30 18:00:00,0.0562022843883963
2020-09-30 19:00:00,0.0553912204091738
2020-09-30 20:00:00,0.0545477932340859
2020-09-30 21:00:00,0.0536820038102572
2020-09-30 22:00:00,0.0531011290379126
2020-09-30 23:00:00,0.0521269776272586
2020-10-01 00:00:00,0.054097952772219
2020-10-01 01:00:00,0.05331580796636
2020-10-01 02:00:00,0.0529072628987102
2020-10-01 03:00:00,0.0523273795133079
2020-10-01 04:00:00,0.0517888286898422
2020-10-01 05:00:00,0.0515397902263803
2020-10-01 06:00:00,0.0506332213296972
2020-10-01 07:00:00,0.0507346600315852
2020-10-01 08:00:00,0.0504813014776975
2020-10-01 09:00:00,0.050561551343046
2020-10-01 10:00:00,0.0506428742871616
2020-10-01 11:00:00,0.0505923149716079
2020-10-01 12:00:00,0.0508469906861944
2020-10-01 13:00:00,0.0511140882701682
2020-10-01 14:00:00,0.0512195118700003
2020-10-01 15:00:00,0.0510829843412353
2020-10-01 16:00:00,0.0510370877811432
2020-10-01 17:00:00,0.050735690074923
2020-10-01 18:00:00,0.0501797123935308
2020-10-01 19:00:00,0.0498354301423269
2020-10-01 20:00:00,0.0494240331233033
2020-10-01 21:00:00,0.0490709958885649
2020-10-01 22:00:00,0.0485841563295626
2020-10-01 23:00:00,0.0480911078669344
2020-10-02 00:00:00,0.0464136196548353
2020-10-02 01:00:00,0.0460285389021884
2020-10-02 02:00:00,0.0456571632117289
2020-10-02 03:00:00,0.0451917379148075
2020-10-02 04:00:00,0.044850104192955
2020-10-02 05:00:00,0.0445152516458087
2020-10-02 06:00:00,0.0444161634959883
2020-10-02 07:00:00,0.0441592741130261
2020-10-02 08:00:00,0.0440223690442458
2020-10-02 09:00:00,0.043983987237544
2020-10-02 10:00:00,0.0441024433448067
2020-10-02 11:00:00,0.0444215338908673
2020-10-02 12:00:00,0.0447601398343096
2020-10-02 13:00:00,0.0452425222403043
2020-10-02 14:00:00,0.0457707288041753
2020-10-02 15:00:00,0.0459568435533413
2020-10-02 16:00:00,0.0459695364730166
2020-10-02 17:00:00,0.0456088245809987
2020-10-02 18:00:00,0.0453667914018876
2020-10-02 19:00:00,0.0451196451510825
2020-10-02 20:00:00,0.0447933494348938
2020-10-02 21:00:00,0.0445414352655575
2020-10-02 22:00:00,0.0443282052428859
2020-10-02 23:00:00,0.0441029848281094
2020-10-03 00:00:00,0.00605310272448278
2020-10-03 01:00:00,0.006102990354103
2020-10-03 02:00:00,0.00606596968541417
2020-10-03 03:00:00,0.00602939544395653
2020-10-03 04:00:00,0.00603563697348619
2020-10-03 05:00:00,0.00591517695658617
2020-10-03 06:00:00,0.00596414889008834
2020-10-03 07:00:00,0.00605366633195459
2020-10-03 08:00:00,0.00589311134448778
2020-10-03 09:00:00,0.00598198941364814
2020-10-03 10:00:00,0.00598730515268642
2020-10-03 11:00:00,0.00607359453918477
2020-10-03 12:00:00,0.00607732200278477
2020-10-03 13:00:00,0.00596030921609803
2020-10-03 14:00:00,0.00604473328314548
2020-10-03 15:00:00,0.00600841391366025
2020-10-03 16:00:00,0.00605139584697234
2020-10-03 17:00:00,0.00609338494690981
2020-10-03 18:00:00,0.00605648036711415
2020-10-03 19:00:00,0.00605874154141084
2020-10-03 20:00:00,0.00598376522426491
2020-10-03 21:00:00,0.00602469252612003
2020-10-03 22:00:00,0.00606467006151057
2020-10-03 23:00:00,0.00610370580383446
2020-10-04 00:00:00,0.00151850709343471
2020-10-04 01:00:00,0.00145307540492823
2020-10-04 02:00:00,0.0013879252748481
2020-10-04 03:00:00,0.00138600160787661
2020-10-04 04:00:00,0.00138408326593797
2020-10-04 05:00:00,0.00138217022695208
2020-10-04 06:00:00,0.00119215700394015
2020-10-04 07:00:00,0.00144123846108535
2020-10-04 08:00:00,0.00143916428181257
2020-10-04 09:00:00,0.00149953167742645
2020-10-04 10:00:00,0.00168428972164669
2020-10-04 11:00:00,0.00161923184161417
2020-10-04 12:00:00,0.00155448500135158
2020-10-04 13:00:00,0.00136595078980939
2020-10-04 14:00:00,0.00154995536159852
2020-10-04 15:00:00,0.00154755671728957
2020-10-04 16:00:00,0.00135987163989881
2020-10-04 17:00:00,0.00154306730614628
2020-10-04 18:00:00,0.0015406899174355
2020-10-04 19:00:00,0.00153831984309605
2020-10-04 20:00:00,0.00147456404206636
2020-10-04 21:00:00,0.00147239290404144
2020-10-04 22:00:00,0.00147022815015596
2020-10-04 23:00:00,0.00146806975229197
2020-10-05 00:00:00,0.00127665024360901
2020-10-05 01:00:00,0.00127502248562372
2020-10-05 02:00:00,0.00127339887320588
2020-10-05 03:00:00,0.00139886841657777
2020-10-05 04:00:00,0.00114307499586808
2020-10-05 05:00:00,0.00152207030906837
2020-10-05 06:00:00,0.00101342800667581
2020-10-05 07:00:00,0.00164463317480035
2020-10-05 08:00:00,0.00164193279704605
2020-10-05 09:00:00,0.00163924127243398
2020-10-05 10:00:00,0.00176233681060722
2020-10-05 11:00:00,0.00175923644266618
2020-10-05 12:00:00,0.00200677353185874
2020-10-05 13:00:00,0.00162754339526039
2020-10-05 14:00:00,0.0019995007911362
2020-10-05 15:00:00,0.00212009806917202
2020-10-05 16:00:00,0.00236421437815615
2020-10-05 17:00:00,0.00198659116737865
2020-10-05 18:00:00,0.00198265244624629
2020-10-05 19:00:00,0.00173160216427881
2020-10-05 20:00:00,0.00185196670007137
2020-10-05 21:00:00,0.00184854325853578
2020-10-05 22:00:00,0.0017222294821515
2020-10-05 23:00:00,0.00159656159182475
2020-10-06 00:00:00,0.0119680006025069
2020-10-06 01:00:00,0.0118264598543938
2020-10-06 02:00:00,0.01268374814551
2020-10-06 03:00:00,0.0118695755553837
2020-10-06 04:00:00,0.0120542264279972
2020-10-06 05:00:00,0.0122305998367551
2020-10-06 06:00:00,0.0127147294595353
2020-10-06 07:00:00,0.0125550927285403
2020-10-06 08:00:00,0.0130153681120699
2020-10-06 09:00:00,0.0131520476617712
2020-10-06 10:00:00,0.0132812094063848
2020-10-06 11:00:00,0.0134030301273409
2020-10-06 12:00:00,0.0138095333975432
2020-10-06 13:00:00,0.0139092361242845
2020-10-06 14:00:00,0.0142859572474769
2020-10-06 15:00:00,0.0138049804730045
2020-10-06 16:00:00,0.0144446955954223
2020-10-06 17:00:00,0.0134230203321408
2020-10-06 18:00:00,0.0132452267500209
2020-10-06 19:00:00,0.0138668888684332
2020-10-06 20:00:00,0.013677225307454
2020-10-06 21:00:00,0.0134926800444735
2020-10-06 22:00:00,0.0125497869411415
2020-10-06 23:00:00,0.0126455908684679
2020-10-06 00:00:00,0.0332603204898749
2020-10-06 01:00:00,0.0331208321977154
2020-10-06 02:00:00,0.0335601964923029
2020-10-06 03:00:00,0.0327607872398819
2020-10-06 04:00:00,0.0325650026781581
2020-10-06 05:00:00,0.032898613075492
2020-10-06 06:00:00,0.0326406718863534
2020-10-06 07:00:00,0.0318638535686659
2020-10-06 08:00:00,0.0331023202556544
2020-10-06 09:00:00,0.0329966859042372
2020-10-06 10:00:00,0.0328668080803514
2020-10-06 11:00:00,0.0338322652107657
2020-10-06 12:00:00,0.0342363917926551
2020-10-06 13:00:00,0.0345629653996848
2020-10-06 14:00:00,0.0342141330796331
2020-10-06 15:00:00,0.035223269295642
2020-10-06 16:00:00,0.0344004873978427
2020-10-06 17:00:00,0.0352532584109841
2020-10-06 18:00:00,0.0347535643805177
2020-10-06 19:00:00,0.0339249063396085
2020-10-06 20:00:00,0.0344488677248567
2020-10-06 21:00:00,0.0342504738368685
2020-10-06 22:00:00,0.0341860511955314
2020-10-06 23:00:00,0.0339422881919003
2020-10-07 00:00:00,0.056296094146683
2020-10-07 01:00:00,0.056039856093907
2020-10-07 02:00:00,0.055966331633341
2020-10-07 03:00:00,0.0560312520915662
2020-10-07 04:00:00,0.0555153047084982
2020-10-07 05:00:00,0.0556951561251591
2020-10-07 06:00:00,0.0555663651398319
2020-10-07 07:00:00,0.0557610929410632
2020-10-07 08:00:00,0.0557663126653587
2020-10-07 09:00:00,0.0556111444611727
2020-10-07 10:00:00,0.0554191781484317
2020-10-07 11:00:00,0.0555619322758076
2020-10-07 12:00:00,0.0556996843193769
2020-10-07 13:00:00,0.0556572293714765
2020-10-07 14:00:00,0.0556189940579142
2020-10-07 15:00:00,0.0555022337593662
2020-10-07 16:00:00,0.0555258745503568
2020-10-07 17:00:00,0.0556530485046451
2020-10-07 18:00:00,0.0554142337693513
2020-10-07 19:00:00,0.0555292387192772
2020-10-07 20:00:00,0.0553008893457658
2020-10-07 21:00:00,0.055110813444303
2020-10-07 22:00:00,0.0551970939659583
2020-10-07 23:00:00,0.0550203428152525
2020-10-08 00:00:00,0.0579528566576322
2020-10-08 01:00:00,0.0563348940701083
2020-10-08 02:00:00,0.0562761905802578
2020-10-08 03:00:00,0.0555062374174025
2020-10-08 04:00:00,0.0557503660741077
2020-10-08 05:00:00,0.0560463921872536
2020-10-08 06:00:00,0.0563699829839113
2020-10-08 07:00:00,0.0571453449341419
2020-10-08 08:00:00,0.058465909924875
2020-10-08 09:00:00,0.0591936887521012
2020-10-08 10:00:00,0.0605432903033343
2020-10-08 11:00:00,0.0609417089907289
2020-10-08 12:00:00,0.0623825341576563
2020-10-08 13:00:00,0.062276309375898
2020-10-08 14:00:00,0.0632734377485829
2020-10-08 15:00:00,0.0637319196501132
2020-10-08 16:00:00,0.064385510656054
2020-10-08 17:00:00,0.0646819691498681
2020-10-08 18:00:00,0.0643442636860652
2020-10-08 19:00:00,0.0642442613040171
2020-10-08 20:00:00,0.0638222146197691
2020-10-08 21:00:00,0.063792507804207
2020-10-08 22:00:00,0.0635319086504147
2020-10-08 23:00:00,0.0633277259099305
2020-10-09 00:00:00,0.0441821533100484
2020-10-09 01:00:00,0.0443412185097012
2020-10-09 02:00:00,0.0436230941230082
2020-10-09 03:00:00,0.0440298821592338
2020-10-09 04:00:00,0.0446616244663343
2020-10-09 05:00:00,0.0441120309555396
2020-10-09 06:00:00,0.0428993460340905
2020-10-09 07:00:00,0.0433188747188424
2020-10-09 08:00:00,0.043909492615569
2020-10-09 09:00:00,0.0434914593526905
2020-10-09 10:00:00,0.0438679079961464
2020-10-09 11:00:00,0.0446419173098249
2020-10-09 12:00:00,0.0444858625861819
2020-10-09 13:00:00,0.0435489556503565
2020-10-09 14:00:00,0.0440249037765277
2020-10-09 15:00:00,0.0434851119397397
2020-10-09 16:00:00,0.0439843502617485
2020-10-09 17:00:00,0.0437396483833634
2020-10-09 18:00:00,0.0438313257109648
2020-10-09 19:00:00,0.0440168854167737
2020-10-09 20:00:00,0.0435712482936399
2020-10-09 21:00:00,0.0437774537118383
2020-10-09 22:00:00,0.0432339232777927
2020-10-09 23:00:00,0.0431448759363935
2020-10-09 00:00:00,0.0462128431551312
2020-10-09 01:00:00,0.0458159555260158
2020-10-09 02:00:00,0.0461651308286433
2020-10-09 03:00:00,0.0456280026593987
2020-10-09 04:00:00,0.045429056846749
2020-10-09 05:00:00,0.0451678385054777
2020-10-09 06:00:00,0.0448535692179544
2020-10-09 07:00:00,0.0448074952059407
2020-10-09 08:00:00,0.0452815196084622
2020-10-09 09:00:00,0.0450368506432781
2020-10-09 10:00:00,0.0455576893320355
2020-10-09 11:00:00,0.0451405250818819
2020-10-09 12:00:00,0.0456886912874062
2020-10-09 13:00:00,0.0446470051603711
2020-10-09 14:00:00,0.0452502568812125
2020-10-09 15:00:00,0.0454725095885493
2020-10-09 16:00:00,0.0449537825011497
2020-10-09 17:00:00,0.0456105112520522
2020-10-09 18:00:00,0.0457144654413089
2020-10-09 19:00:00,0.045352503470415
2020-10-09 20:00:00,0.0447756440962248
2020-10-09 21:00:00,0.0451843163084646
2020-10-09 22:00:00,0.0448199710242942
2020-10-09 23:00:00,0.0445691338681637
2020-10-10 00:00:00,0.0445057266847106
2020-10-10 01:00:00,0.0456382369042059
2020-10-10 02:00:00,0.0458151788785619
2020-10-10 03:00:00,0.044844230334645
2020-10-10 04:00:00,0.0435806169593356
2020-10-10 05:00:00,0.0455578699760153
2020-10-10 06:00:00,0.0441770674806552
2020-10-10 07:00:00,0.044911535713732
2020-10-10 08:00:00,0.0446401799283969
2020-10-10 09:00:00,0.0445839066080271
2020-10-10 10:00:00,0.0454623740767577
2020-10-10 11:00:00,0.0451761378288751
2020-10-10 12:00:00,0.0446091660434789
2020-10-10 13:00:00,0.0451340140270169
2020-10-10 14:00:00,0.0442406807758537
2020-10-10 15:00:00,0.0447913071255535
2020-10-10 16:00:00,0.044802756765483
2020-10-10 17:00:00,0.0447286558302533
2020-10-10 18:00:00,0.0442270434687639
2020-10-10 19:00:00,0.0445515664179705
2020-10-10 20:00:00,0.0444297331468668
2020-10-10 21:00:00,0.0440864503653433
2020-10-10 22:00:00,0.0441492710466918
2020-10-10 23:00:00,0.0435574893976547
2020-10-11 00:00:00,0.0483636339859554
2020-10-11 01:00:00,0.0483024782295054
2020-10-11 02:00:00,0.0486611069323679
2020-10-11 03:00:00,0.0493554344696996
2020-10-11 04:00:00,0.0484391022033908
2020-10-11 05:00:00,0.0493250665625009
2020-10-11 06:00:00,0.0499778127650883
2020-10-11 07:00:00,0.0496174526275155
2020-10-11 08:00:00,0.0484251270372598
2020-10-11 09:00:00,0.0487535616182306
2020-10-11 10:00:00,0.0492780880629855
2020-10-11 11:00:00,0.0492878004076198
2020-10-11 12:00:00,0.04855322541699
2020-10-11 13:00:00,0.0490158213970631
2020-10-11 14:00:00,0.0481596290535311
2020-10-11 15:00:00,0.0486809402055854
2020-10-11 16:00:00,0.0492841775178388
2020-10-11 17:00:00,0.0482082181006458
2020-10-11 18:00:00,0.0485896179753045
2020-10-11 19:00:00,0.048587891977796
2020-10-11 20:00:00,0.0484797198569016
2020-10-11 21:00:00,0.0478720309756326
2020-10-11 22:00:00,0.0482165104169301
2020-10-11 23:00:00,0.0478542032817213
2020-10-12 00:00:00,0.0507070419891091
2020-10-12 01:00:00,0.0509102126645704
2020-10-12 02:00:00,0.0509623329415376
2020-10-12 03:00:00,0.0496882333811159
2020-10-12 04:00:00,0.0507545496497288
2020-10-12 05:00:00,0.0504681531420026
2020-10-12 06:00:00,0.0516447739850747
2020-10-12 07:00:00,0.049596941139372
2020-10-12 08:00:00,0.0500461827561587
2020-10-12 09:00:00,0.0503165274083353
2020-10-12 10:00:00,0.0525303715091754
2020-10-12 11:00:00,0.0515030039405886
2020-10-12 12:00:00,0.050117304377495
2020-10-12 13:00:00,0.0513311868109652
2020-10-12 14:00:00,0.0512212975553794
2020-10-12 15:00:00,0.0506775097558654
2020-10-12 16:00:00,0.0507079475528478
2020-10-12 17:00:00,0.0506132115148823
2020-10-12 18:00:00,0.0498527743754007
2020-10-12 19:00:00,0.050678236636605
2020-10-12 20:00:00,0.0505092464008605
2020-10-12 21:00:00,0.0504846826287295
2020-10-12 22:00:00,0.0498874074560351
2020-10-12 23:00:00,0.0505619326508775
2020-10-13 00:00:00,0.0833816089390513
2020-10-13 01:00:00,0.0801488028410011
2020-10-13 02:00:00,0.0806790424070671
2020-10-13 03:00:00,0.0822535507244364
2020-10-13 04:00:00,0.0805002308176306
2020-10-13 05:00:00,0.0795819843297503
2020-10-13 06:00:00,0.0775582343458741
2020-10-13 07:00:00,0.078696878718902
2020-10-13 08:00:00,0.078434429246494
2020-10-13 09:00:00,0.0794818866168319
2020-10-13 10:00:00,0.0801721558362001
2020-10-13 11:00:00,0.0805444098879669
2020-10-13 12:00:00,0.0816948905824937
2020-10-13 13:00:00,0.0823562551286106
2020-10-13 14:00:00,0.0830507344542397
2020-10-13 15:00:00,0.0826739487118218
2020-10-13 16:00:00,0.0822597927992312
2020-10-13 17:00:00,0.0819683100190858
2020-10-13 18:00:00,0.0817363247564504
2020-10-13 19:00:00,0.0807738603868984
2020-10-13 20:00:00,0.0800998809141884
2020-10-13 21:00:00,0.0796204282027109
2020-10-13 22:00:00,0.0792626460091128
2020-10-13 23:00:00,0.0787542741131588
2020-10-14 00:00:00,0.100133112222674
2020-10-14 01:00:00,0.0995891764916053
2020-10-14 02:00:00,0.09833332074483
2020-10-14 03:00:00,0.0972784076293731
2020-10-14 04:00:00,0.0971810877401378
2020-10-14 05:00:00,0.0955418668733614
2020-10-14 06:00:00,0.0940809233495941
2020-10-14 07:00:00,0.0936954841273234
2020-10-14 08:00:00,0.0938545754716245
2020-10-14 09:00:00,0.0953763896232651
2020-10-14 10:00:00,0.0973304796881891
2020-10-14 11:00:00,0.0991906320150662
2020-10-14 12:00:00,0.100715278478257
2020-10-14 13:00:00,0.102030168017123
2020-10-14 14:00:00,0.102567491062096
2020-10-14 15:00:00,0.102687393378289
2020-10-14 16:00:00,0.101845700915156
2020-10-14 17:00:00,0.100848555257736
2020-10-14 18:00:00,0.0997092770746004
2020-10-14 19:00:00,0.0988810576866008
2020-10-14 20:00:00,0.0980010719720994
2020-10-14 21:00:00,0.0968896817122094
2020-10-14 22:00:00,0.0959947255770022
2020-10-14 23:00:00,0.0951159599830884
2020-10-15 00:00:00,0.0778854118971424
2020-10-15 01:00:00,0.0774825535338675
2020-10-15 02:00:00,0.0765071475422392
2020-10-15 03:00:00,0.0758916634880151
2020-10-15 04:00:00,0.0755299361412334
2020-10-15 05:00:00,0.0751452090478768
2020-10-15 06:00:00,0.0749052778527055
2020-10-15 07:00:00,0.0750007496436087
2020-10-15 08:00:00,0.0763132663426145
2020-10-15 09:00:00,0.0771742834868672
2020-10-15 10:00:00,0.0785654813072423
2020-10-15 11:00:00,0.0795978498185033
2020-10-15 12:00:00,0.0806912630276049
2020-10-15 13:00:00,0.0820127109344568
2020-10-15 14:00:00,0.0829380516019924
2020-10-15 15:00:00,0.0838105629621388
2020-10-15 16:00:00,0.0840099031410162
2020-10-15 17:00:00,0.083567787433406
2020-10-15 18:00:00,0.0829799337116945
2020-10-15 19:00:00,0.0823918544478648
2020-10-15 20:00:00,0.0818123643027171
2020-10-15 21:00:00,0.0812195108278129
2020-10-15 22:00:00,0.080647702991012
2020-10-15 23:00:00,0.0800955173362095
2020-10-16 00:00:00,0.0815716536938114
2020-10-16 01:00:00,0.0827313975974651
2020-10-16 02:00:00,0.0813696130829609
2020-10-16 03:00:00,0.0798250798163114
2020-10-16 04:00:00,0.0793644094224106
2020-10-16 05:00:00,0.0785569612770978
2020-10-16 06:00:00,0.0782611899076837
2020-10-16 07:00:00,0.0776005585609116
2020-10-16 08:00:00,0.0773232175553353
2020-10-16 09:00:00,0.0771000532508488
2020-10-16 10:00:00,0.0774605983571721
2020-10-16 11:00:00,0.0778574876264848
2020-10-16 12:00:00,0.0783989676610179
2020-10-16 13:00:00,0.0786975165283064
2020-10-16 14:00:00,0.0783615511949076
2020-10-16 15:00:00,0.078307215364406
2020-10-16 16:00:00,0.0776002230051258
2020-10-16 17:00:00,0.0769522759723937
2020-10-16 18:00:00,0.076437426723551
2020-10-16 19:00:00,0.0758175476392768
2020-10-16 20:00:00,0.074934288007892
2020-10-16 21:00:00,0.0742576148819882
2020-10-16 22:00:00,0.0737258043310742
2020-10-16 23:00:00,0.0732202333811358
2020-10-17 00:00:00,0.0569259367960093
2020-10-17 01:00:00,0.057401086008376
2020-10-17 02:00:00,0.0563287194692084
2020-10-17 03:00:00,0.0556099944664386
2020-10-17 04:00:00,0.0553419893520068
2020-10-17 05:00:00,0.0551161540774174
2020-10-17 06:00:00,0.0549193589048294
2020-10-17 07:00:00,0.0548816683527455
2020-10-17 08:00:00,0.0553641854446543
2020-10-17 09:00:00,0.0563730249950716
2020-10-17 10:00:00,0.0576553221705876
2020-10-17 11:00:00,0.0585583823712046
2020-10-17 12:00:00,0.0593435947066698
2020-10-17 13:00:00,0.0602078760968201
2020-10-17 14:00:00,0.0612919167797052
2020-10-17 15:00:00,0.0615439191417249
2020-10-17 16:00:00,0.0612924360439546
2020-10-17 17:00:00,0.0611067055963481
2020-10-17 18:00:00,0.0607437463429417
2020-10-17 19:00:00,0.060305487100063
2020-10-17 20:00:00,0.0601292285574573
2020-10-17 21:00:00,0.0596608400460354
2020-10-17 22:00:00,0.0594210657760694
2020-10-17 23:00:00,0.0589740024595518
2020-10-18 00:00:00,0.0421970099025053
2020-10-18 01:00:00,0.0417914565448037
2020-10-18 02:00:00,0.0417220544610331
2020-10-18 03:00:00,0.0415925754907889
2020-10-18 04:00:00,0.0414106606608886
2020-10-18 05:00:00,0.0413408285345653
2020-10-18 06:00:00,0.0412127155315218
2020-10-18 07:00:00,0.0416140594021481
2020-10-18 08:00:00,0.0414832205966533
2020-10-18 09:00:00,0.0415676112744201
2020-10-18 10:00:00,0.0414465491450446
2020-10-18 11:00:00,0.0416413309036585
2020-10-18 12:00:00,0.04174540097309
2020-10-18 13:00:00,0.0418818780322976
2020-10-18 14:00:00,0.041716509576581
2020-10-18 15:00:00,0.041918174680843
2020-10-18 16:00:00,0.0419271827848
2020-10-18 17:00:00,0.0419614686527812
2020-10-18 18:00:00,0.0414639902317635
2020-10-18 19:00:00,0.041485568200363
2020-10-18 20:00:00,0.0411843178256532
2020-10-18 21:00:00,0.0410144297891701
2020-10-18 22:00:00,0.0408770849577031
2020-10-18 23:00:00,0.0409899692124629
2020-10-25 00:00:00,0.0367495422087414
2020-10-25 01:00:00,0.0386077360486139
2020-10-25 02:00:00,0.0376067319103726
2020-10-25 03:00:00,0.0379172152498368
2020-10-25 04:00:00,0.036531868621279
2020-10-25 05:00:00,0.0371878294060357
2020-10-25 06:00:00,0.0362289382964587
2020-10-25 07:00:00,0.0371297934686829
2020-10-25 08:00:00,0.0375398186885691
2020-10-25 09:00:00,0.0368516622751551
2020-10-25 10:00:00,0.0378023646465344
2020-10-25 11:00:00,0.0379792480652164
2020-10-25 12:00:00,0.0380853340238758
2020-10-25 13:00:00,0.0372641032179111
2020-10-25 14:00:00,0.0378683279830216
2020-10-25 15:00:00,0.0370211030707726
2020-10-25 16:00:00,0.0369878228976326
2020-10-25 17:00:00,0.0374064333854989
2020-10-25 18:00:00,0.0370142083250329
2020-10-25 19:00:00,0.0373063789960391
2020-10-25 20:00:00,0.0372966722524097
2020-10-25 21:00:00,0.036811299901311
2020-10-25 22:00:00,0.036741825653257
2020-10-25 23:00:00,0.0364339022461024
2020-10-26 00:00:00,0.030781526097817
2020-10-26 01:00:00,0.0310873650624313
2020-10-26 02:00:00,0.0307438318054825
2020-10-26 03:00:00,0.0306907033944981
2020-10-26 04:00:00,0.0306146358196067
2020-10-26 05:00:00,0.0302470130020858
2020-10-26 06:00:00,0.03198566915135
2020-10-26 07:00:00,0.0299764047002622
2020-10-26 08:00:00,0.030586490626229
2020-10-26 09:00:00,0.0303974771843709
2020-10-26 10:00:00,0.0306627795768755
2020-10-26 11:00:00,0.0302013345170788
2020-10-26 12:00:00,0.0304096232038162
2020-10-26 13:00:00,0.030360820484832
2020-10-26 14:00:00,0.0307009598085113
2020-10-26 15:00:00,0.0307841238421691
2020-10-26 16:00:00,0.0302517667441986
2020-10-26 17:00:00,0.030865471697453
2020-10-26 18:00:00,0.0304873496778324
2020-10-26 19:00:00,0.0306448135527386
2020-10-26 20:00:00,0.0304186136498483
2020-10-26 21:00:00,0.0303513434241385
2020-10-26 22:00:00,0.0304243289492039
2020-10-26 23:00:00,0.0301514430364858
2020-10-27 00:00:00,0.0663823907951038
2020-10-27 01:00:00,0.0654016660711942
2020-10-27 02:00:00,0.0663076792833834
2020-10-27 03:00:00,0.0658674249876245
2020-10-27 04:00:00,0.065821026601304
2020-10-27 05:00:00,0.0649867707304459
2020-10-27 06:00:00,0.0643032151546716
2020-10-27 07:00:00,0.0649166644583943
2020-10-27 08:00:00,0.0640658196397599
2020-10-27 09:00:00,0.0641644485215576
2020-10-27 10:00:00,0.0638107569010522
2020-10-27 11:00:00,0.0643800647462669
2020-10-27 12:00:00,0.0651211818570196
2020-10-27 13:00:00,0.0641958206544366
2020-10-27 14:00:00,0.0645485628609315
2020-10-27 15:00:00,0.0638887393566243
2020-10-27 16:00:00,0.0637698917778469
2020-10-27 17:00:00,0.0631870183179828
2020-10-27 18:00:00,0.0625920106152407
2020-10-27 19:00:00,0.0620951597897328
2020-10-27 20:00:00,0.0616710321434848
2020-10-27 21:00:00,0.0608129657573286
2020-10-27 22:00:00,0.0604416391992721
2020-10-27 23:00:00,0.0598438786708719
2020-10-28 00:00:00,0.054299051571534
2020-10-28 01:00:00,0.0528220279213256
2020-10-28 02:00:00,0.0522602849248583
2020-10-28 03:00:00,0.0532321481528539
2020-10-28 04:00:00,0.0516691635894952
2020-10-28 05:00:00,0.0534143053841936
2020-10-28 06:00:00,0.0523970669088625
2020-10-28 07:00:00,0.0526784063469767
2020-10-28 08:00:00,0.0515658678838715
2020-10-28 09:00:00,0.0519327487416419
2020-10-28 10:00:00,0.0515679819321981
2020-10-28 11:00:00,0.051911065625923
2020-10-28 12:00:00,0.0520752571538399
2020-10-28 13:00:00,0.0520850600662843
2020-10-28 14:00:00,0.0519627131339586
2020-10-28 15:00:00,0.0521517257406785
2020-10-28 16:00:00,0.0515790888186203
2020-10-28 17:00:00,0.0517255355647492
2020-10-28 18:00:00,0.0515414973042549
2020-10-28 19:00:00,0.0503951762926977
2020-10-28 20:00:00,0.0501113580313763
2020-10-28 21:00:00,0.0502184180794405
2020-10-28 22:00:00,0.0501930168661815
2020-10-28 23:00:00,0.0497715912713428
2020-10-29 00:00:00,0.0697367400753031
2020-10-29 01:00:00,0.070339178525872
2020-10-29 02:00:00,0.0710455578046929
2020-10-29 03:00:00,0.0698077086531814
2020-10-29 04:00:00,0.069884887998847
2020-10-29 05:00:00,0.0692085979466386
2020-10-29 06:00:00,0.0687627616084692
2020-10-29 07:00:00,0.0673537250881582
2020-10-29 08:00:00,0.0690932680534733
2020-10-29 09:00:00,0.0692270909516592
2020-10-29 10:00:00,0.0687305419996136
2020-10-29 11:00:00,0.0683192439774771
2020-10-29 12:00:00,0.0682302403727721
2020-10-29 13:00:00,0.0688682531305069
2020-10-29 14:00:00,0.068859928120629
2020-10-29 15:00:00,0.0685584666147854
2020-10-29 16:00:00,0.0680220187267224
2020-10-29 17:00:00,0.067300078991444
2020-10-29 18:00:00,0.0669667849384687
2020-10-29 19:00:00,0.0659239850738942
2020-10-29 20:00:00,0.0660534056838955
2020-10-29 21:00:00,0.0651701256769694
2020-10-29 22:00:00,0.0648754161524341
2020-10-29 23:00:00,0.064000687059222
2020-10-30 00:00:00,0.0987141580554791
2020-10-30 01:00:00,0.0973261338961482
2020-10-30 02:00:00,0.0957169502783977
2020-10-30 03:00:00,0.096008288778739
2020-10-30 04:00:00,0.0941526210036479
2020-10-30 05:00:00,0.0932191069003867
2020-10-30 06:00:00,0.0925835250816149
2020-10-30 07:00:00,0.0914101070335391
2020-10-30 08:00:00,0.0908855935982444
2020-10-30 09:00:00,0.0901845315600696
2020-10-30 10:00:00,0.0897640330729885
2020-10-30 11:00:00,0.0893035643345161
2020-10-30 12:00:00,0.0889600942900444
2020-10-30 13:00:00,0.0884936669094625
2020-10-30 14:00:00,0.0878312101065113
2020-10-30 15:00:00,0.0869356222833328
2020-10-30 16:00:00,0.0859228217653509
2020-10-30 17:00:00,0.0845229405484105
2020-10-30 18:00:00,0.0833886363212457
2020-10-30 19:00:00,0.0819927887168106
2020-10-30 20:00:00,0.0807793278417641
2020-10-30 21:00:00,0.0795706755665897
2020-10-30 22:00:00,0.0783663050029784
2020-10-30 23:00:00,0.0770580488816215
2020-10-31 00:00:00,0.0561209528522184
2020-10-31 01:00:00,0.0560663132581602
2020-10-31 02:00:00,0.0556953557881883
2020-10-31 03:00:00,0.055222444934504
2020-10-31 04:00:00,0.0549580610671221
2020-10-31 05:00:00,0.0548568049400853
2020-10-31 06:00:00,0.0542269181369264
2020-10-31 07:00:00,0.0545347037481978
2020-10-31 08:00:00,0.0544122654946957
2020-10-31 09:00:00,0.0547145004088776
2020-10-31 10:00:00,0.0543999446138876
2020-10-31 11:00:00,0.0544818184121763
2020-10-31 12:00:00,0.0550615536580583
2020-10-31 13:00:00,0.0547755962234238
2020-10-31 14:00:00,0.0547190980183139
2020-10-31 15:00:00,0.0545201499950316
2020-10-31 16:00:00,0.0545045304800809
2020-10-31 17:00:00,0.0542703191103708
2020-10-31 18:00:00,0.0537880297166478
2020-10-31 19:00:00,0.0536846459617379
2020-10-31 20:00:00,0.0533927947190769
2020-10-31 21:00:00,0.0528877996285591
2020-10-31 22:00:00,0.05275948762376
2020-10-31 23:00:00,0.0526183920090268
